id,phone_number
1,'4270930576'
2,'8116050190'
2,'4329431675'
3,'2566272852'
4,'2756676337'
5,'9060312502'
6,'9491845670'
6,'9774735400'
7,'2504021639'
7,'8373591915'
8,'8754080351'
9,'8533444864'
9,'5304810777'
10,'6777111312'
10,'3791686023'
11,'3245561849'
12,'4789784430'
13,'9126334088'
13,'0164195384'
14,'3184535749'
15,'2088559026'
16,'2812379332'
17,'6599271908'
17,'7740382778'
18,'1429635460'
19,'0535734524'
20,'5980250700'
21,'0035105623'
21,'6254256606'
22,'8870916620'
23,'9821532302'
24,'1691972990'
24,'5600715427'
25,'8526547604'
25,'8708984076'
26,'6570040494'
27,'8856431953'
27,'2250909255'
28,'4576962029'
29,'7250749318'
29,'4282129188'
30,'6444064488'
30,'5362082965'
31,'0869305823'
31,'7039342619'
32,'3781327166'
32,'4659514070'
33,'3666609759'
34,'9450678201'
34,'5013187050'
35,'6246292648'
36,'2227080862'
36,'9118243454'
37,'8727820928'
38,'5137937825'
39,'7808185011'
39,'9597568512'
40,'0220593060'
40,'6092516075'
41,'4976207436'
42,'5110502690'
42,'7877108640'
43,'1551702840'
44,'6528222239'
44,'0760334523'
45,'3267592690'
46,'9062200580'
47,'0199226066'
47,'3258386126'
48,'1663763637'
48,'9144858099'
49,'3409561802'
49,'0666179722'
50,'7629481552'
50,'7803429546'
51,'4860646352'
52,'1952069671'
53,'6882223230'
54,'7594516425'
54,'8268436567'
55,'6612209981'
56,'9981492610'
57,'1575175947'
58,'2881820286'
59,'7640926279'
60,'6196538707'
61,'4878674238'
61,'2492711769'
62,'8147314251'
63,'0298300689'
63,'1785510337'
64,'4307585114'
64,'3562343754'
65,'9216587355'
65,'4564174172'
66,'3257316678'
66,'9936847358'
67,'1756360906'
68,'4352125030'
69,'6802199317'
70,'0896182336'
70,'7063609409'
71,'5572981411'
71,'0292639536'
72,'8171877278'
72,'2646198537'
73,'5760708673'
73,'3477237457'
74,'8134810250'
74,'9276367326'
75,'5835288996'
76,'9793970379'
76,'8300023793'
77,'8645732585'
77,'6757123126'
78,'8350063169'
78,'8302874688'
79,'1970369541'
80,'3909852741'
80,'4366853941'
81,'2599718765'
81,'0169220163'
82,'4461545938'
83,'5880270452'
83,'1986149181'
84,'7083518323'
84,'3975245833'
85,'5248015450'
86,'9041243885'
86,'1688611975'
87,'4364000415'
87,'8403824906'
88,'4934587716'
88,'2803760314'
89,'2270586183'
89,'4466702853'
90,'2342284802'
91,'6238292384'
92,'7306268636'
92,'1218010367'
93,'6564129330'
94,'8173729840'
95,'5554842073'
95,'5747274559'
96,'6968493363'
96,'8282988875'
97,'6478034710'
98,'9140329259'
98,'0009243675'
99,'1961020984'
99,'3635227299'
100,'9300690281'
100,'4593052547'
101,'9541721848'
101,'9762962191'
102,'7416441588'
103,'0090216670'
103,'2169303600'
104,'2846680782'
105,'3921974443'
105,'0081042282'
106,'5052591153'
106,'7577881157'
107,'6878681326'
107,'2122069118'
108,'9457695978'
108,'3806558039'
109,'7156938088'
110,'0950525477'
110,'0375207826'
111,'9730799297'
111,'9569286635'
112,'4334389573'
112,'9253248289'
113,'7732959318'
113,'3464835650'
114,'3392871484'
114,'6560105249'
115,'4867531118'
116,'9859193001'
116,'1962998344'
117,'2932234742'
117,'3126239058'
118,'2419493023'
119,'6227808532'
119,'5734315745'
120,'3486126191'
121,'7264832147'
121,'6805668289'
122,'0497896373'
122,'1186187203'
123,'3196618383'
124,'7131829389'
124,'9647905530'
125,'7383023771'
125,'4654191759'
126,'3263074285'
127,'1855153348'
127,'6602714283'
128,'5292964312'
129,'7862047915'
130,'1738009174'
130,'8623198273'
131,'3292299211'
131,'1497949601'
132,'7055466043'
133,'1923837504'
133,'9882598634'
134,'7434415270'
134,'7048967998'
135,'2041643774'
135,'2974203541'
136,'6459356213'
136,'7725666591'
137,'8721086736'
138,'6049244818'
138,'0201557335'
139,'4827601015'
140,'4818411894'
141,'3127227427'
142,'8601141634'
142,'3798852609'
143,'9345857745'
143,'2237505794'
144,'0178236958'
145,'0767750393'
146,'7218869431'
146,'0875039467'
147,'1015666347'
147,'8064726669'
148,'7854692506'
148,'7413536095'
149,'2711290320'
149,'6246748027'
150,'1174446094'
150,'7104374836'
151,'6001504400'
152,'9029271920'
153,'1119131761'
154,'7782812568'
155,'1808316585'
155,'4391296545'
156,'0002432217'
156,'2442025531'
157,'2453193561'
157,'6850536068'
158,'2404156043'
159,'4581273999'
160,'6404009252'
160,'3983083787'
161,'5510652736'
162,'3976622667'
163,'4129042124'
164,'6486586771'
164,'9544469807'
165,'6460068140'
166,'7685878787'
167,'9095346131'
168,'9727572747'
168,'8305846891'
169,'2822153007'
169,'1980279294'
170,'4527505119'
171,'4495207663'
172,'6476762636'
173,'4127554753'
174,'7253721899'
174,'5215245116'
175,'5450342282'
175,'3184106167'
176,'2201216914'
177,'9913462874'
177,'2642213857'
178,'5864702527'
179,'3127615315'
180,'3398575978'
180,'4099243881'
181,'7210788899'
181,'6595357280'
182,'2018021054'
183,'1032568956'
184,'6093907062'
185,'1925447586'
185,'5484785656'
186,'0374662273'
187,'9314882927'
188,'7362108011'
189,'2935511672'
189,'9839399794'
190,'2613224452'
190,'5811600356'
191,'5691517974'
192,'6055218470'
193,'2895716474'
194,'6071245492'
194,'7095260429'
195,'1687826528'
195,'9211313730'
196,'5459478047'
196,'3708965395'
197,'2243156244'
198,'6012661193'
199,'3578912299'
200,'7438071009'
201,'2738499125'
202,'9548394096'
202,'1545149250'
203,'9606369740'
204,'9781001266'
205,'3810066426'
206,'5683859306'
206,'8035729330'
207,'1455422964'
208,'6197263662'
208,'9509833867'
209,'9181224051'
210,'9892864052'
211,'8379460394'
212,'5147540415'
212,'3533336184'
213,'5608086143'
213,'1186852214'
214,'2743893173'
214,'6451275821'
215,'6759472406'
216,'7921163416'
216,'8090668533'
217,'1189245783'
217,'2992520521'
218,'9318178974'
218,'9130648539'
219,'4172017454'
219,'0553555630'
220,'9846908150'
220,'2120843539'
221,'3654017463'
222,'7020290150'
223,'3744958579'
224,'3233121098'
225,'9967760985'
226,'2948469807'
227,'6484159484'
227,'7194516501'
228,'9183900047'
229,'8073484436'
229,'7450999415'
230,'2674549328'
230,'7471128045'
231,'5065247088'
231,'5495150792'
232,'9447072353'
233,'0676905007'
233,'3271680412'
234,'0468941579'
234,'4530837806'
235,'0831830852'
236,'9787627420'
236,'4543600129'
237,'9200829212'
238,'8266054590'
239,'9055519551'
239,'3594238292'
240,'5998919254'
240,'4726651524'
241,'5715545263'
242,'2979693052'
243,'7691064936'
244,'9369779666'
245,'4225189729'
245,'3240757583'
246,'9072435049'
246,'3039624983'
247,'6975792096'
247,'5424746937'
248,'2770638461'
248,'4223422539'
249,'0124944204'
249,'1645988418'
250,'0569759316'
250,'1948520026'
251,'0558996811'
252,'3586201053'
252,'9163511243'
253,'3663308463'
254,'9554837939'
255,'9146101551'
255,'1349116725'
256,'2320907788'
257,'6339152417'
257,'3747372939'
258,'5646229871'
259,'9594047363'
259,'9505060980'
260,'0694750861'
260,'4050051908'
261,'9803996411'
262,'1283379463'
263,'8871326713'
264,'1267649380'
264,'2792046977'
265,'5831488354'
266,'8644655314'
266,'3136825367'
267,'4856197712'
268,'8440663092'
269,'6656604799'
270,'1029832562'
270,'7314293320'
271,'7448067920'
272,'0865150783'
272,'6067723188'
273,'8386543905'
273,'1992170754'
274,'2082263498'
275,'0309547944'
275,'5217811225'
276,'3845548081'
276,'1967117262'
277,'8056442197'
277,'9380378628'
278,'3483408546'
279,'0394374006'
279,'8021563468'
280,'9215306645'
281,'8399907334'
282,'2730136660'
283,'9440934761'
283,'1753990157'
284,'4410196373'
284,'8687220871'
285,'5219957937'
285,'0244846907'
286,'7478579143'
286,'7572751493'
287,'8412089878'
287,'4206546000'
288,'6106793140'
289,'7901042723'
290,'3800775210'
291,'0364074182'
292,'5583899388'
292,'8322511466'
293,'8215612068'
294,'9495300003'
294,'1144701634'
295,'9912815545'
296,'1645402753'
297,'1658122938'
298,'4860537993'
298,'8173595599'
299,'6156653256'
299,'8433163230'
300,'6119890522'
300,'7654456272'
301,'2685510255'
302,'1459017893'
303,'7713133935'
303,'0440590526'
304,'6827785050'
305,'7703801616'
306,'7994960809'
307,'2927273080'
307,'7647599812'
308,'7774630056'
308,'3990839532'
309,'8826914631'
309,'6268714655'
310,'5640375315'
311,'6639636510'
312,'4134132396'
312,'4238702791'
313,'4743882542'
314,'5645776297'
315,'4667057505'
315,'5711844965'
316,'1576806850'
316,'0978963048'
317,'9831861804'
317,'5072890999'
318,'4749834233'
318,'3345395216'
319,'3993627491'
320,'4300517447'
320,'4385891565'
321,'8297996854'
322,'2121403856'
322,'1897038606'
323,'9883115684'
324,'7729948875'
325,'0557284017'
326,'7482291382'
326,'0185565316'
327,'9981999740'
327,'8718419509'
328,'4257365805'
328,'9737699566'
329,'3270307021'
330,'8311638026'
331,'1658370113'
332,'1819102479'
333,'4499935427'
334,'5332967609'
335,'9041060234'
336,'3097667341'
336,'7659001997'
337,'3780430358'
337,'0653335091'
338,'1359186432'
338,'7739188215'
339,'1464321334'
339,'0128742113'
340,'3273797156'
341,'0699292658'
342,'3539706970'
342,'3520571896'
343,'9823071374'
343,'4095410907'
344,'2104411139'
345,'5599708976'
345,'9035552636'
346,'0498342906'
346,'3009279239'
347,'4681873440'
347,'9494345844'
348,'7116323458'
348,'7963875139'
349,'4910013865'
350,'1747704887'
350,'9728307933'
351,'0416565296'
351,'2623057715'
352,'9240384431'
352,'1875248103'
353,'5825534380'
353,'4464100923'
354,'8299422970'
354,'9483513322'
355,'8747435327'
355,'2836643547'
356,'6676390498'
357,'7906992009'
357,'2104504616'
358,'5332976578'
359,'9147912483'
359,'6951570122'
360,'4232558339'
361,'8387526773'
361,'8643187694'
362,'1123782072'
362,'2032390557'
363,'5955146179'
363,'9561102895'
364,'0181466457'
365,'3456501105'
366,'0494938583'
367,'2976214655'
367,'6530625123'
368,'7490778286'
369,'9937685830'
370,'4962339698'
371,'2031903911'
372,'3323568615'
373,'5618501044'
374,'2155427633'
375,'1627987882'
376,'1072359018'
376,'2456160484'
377,'9574007210'
378,'4318338464'
378,'7996330352'
379,'3086685324'
380,'2050218110'
381,'2694071399'
382,'3209744992'
382,'5121827209'
383,'4314477349'
383,'7473986166'
384,'1593081065'
385,'3561076446'
385,'6922012059'
386,'8763605867'
386,'9499124289'
387,'4291464690'
387,'3843098416'
388,'6596350019'
388,'1653555525'
389,'1454426963'
390,'3472424003'
390,'5170427335'
391,'1477465982'
392,'1264189482'
392,'6354452431'
393,'6657118327'
394,'9540205749'
394,'5209420771'
395,'7107634297'
395,'1568477759'
396,'1111367197'
397,'8226852523'
397,'6215271250'
398,'4442936780'
398,'6914588644'
399,'7347030105'
399,'2401147426'
400,'5466984976'
401,'2742192244'
401,'1510319580'
402,'9761243395'
403,'0003107143'
403,'6238892763'
404,'8996972698'
405,'2925929659'
405,'6436696837'
406,'0978055579'
406,'9810142431'
407,'9304641890'
408,'2316299513'
409,'7918387279'
409,'3214780636'
410,'9260808389'
410,'0218132653'
411,'6323796452'
411,'4653336264'
412,'2055904372'
413,'2835763822'
413,'8920906203'
414,'3706881470'
414,'7072295750'
415,'3901643153'
415,'7868336177'
416,'7303349821'
416,'9662001179'
417,'1365409897'
417,'1540400650'
418,'9523289924'
418,'7234213214'
419,'7502353004'
420,'9074591645'
420,'5655384730'
421,'4529974630'
422,'8426494051'
422,'5859383408'
423,'5839453658'
423,'5566438141'
424,'7287814321'
424,'5805802571'
425,'6340095894'
425,'0890963774'
426,'6033611415'
427,'6113123385'
428,'8343834139'
428,'3195094230'
429,'9859362958'
430,'7137579642'
431,'7401905876'
431,'1305645895'
432,'5215145615'
433,'6844529013'
433,'1534726388'
434,'2727785980'
435,'2156769860'
435,'2242927195'
436,'8965298978'
437,'6645795671'
438,'7772321529'
439,'9873386720'
439,'4810746047'
440,'8779857684'
441,'1133345828'
441,'3381050246'
442,'0259142667'
442,'5923559296'
443,'5586271463'
444,'8734004900'
445,'8555189402'
446,'1851942593'
447,'6856667180'
447,'4151758661'
448,'2665009252'
448,'4975415270'
449,'6453053981'
450,'6420695972'
450,'4384595699'
451,'1630375838'
452,'7731224520'
452,'2670475469'
453,'8167430649'
453,'9976559254'
454,'2834172412'
454,'8790892634'
455,'9505513186'
456,'6943281583'
457,'8626044107'
457,'4506090390'
458,'1386651135'
459,'2283789916'
460,'8548671906'
461,'5480052135'
462,'5839351101'
462,'7667550271'
463,'2650769257'
463,'3599093813'
464,'9267349910'
464,'0020723620'
465,'2803128036'
465,'9078640727'
466,'1370561626'
466,'4268481615'
467,'8746977578'
468,'0533446644'
469,'0329738877'
470,'9870091391'
471,'2694234997'
471,'4243863308'
472,'4953430891'
472,'4830566785'
473,'4484594005'
474,'6597758220'
474,'9312344794'
475,'4082395593'
475,'1743660606'
476,'7350278768'
477,'2237101800'
477,'1503781934'
478,'0372350075'
478,'0080281378'
479,'0370202737'
480,'5869793314'
480,'7624494033'
481,'7016517057'
481,'0494329844'
482,'1668159446'
482,'7666412888'
483,'0526840500'
484,'3531303992'
484,'8846172690'
485,'2975004389'
486,'6979733579'
486,'8684644791'
487,'0468630698'
488,'5735859900'
489,'7674491041'
490,'3895327615'
491,'1211676257'
492,'8345932689'
492,'4168514539'
493,'5107031419'
493,'6041963853'
494,'7186182817'
495,'2529046603'
496,'7237706143'
496,'3111634015'
497,'9060212175'
498,'9241654598'
499,'3366291334'
499,'4600664061'
500,'1904006898'
501,'7119063330'
502,'1337585590'
502,'6697652033'
503,'6274880653'
504,'6521356552'
505,'9361698934'
506,'2945585967'
507,'5135530581'
507,'4901427441'
508,'9291183902'
508,'1129252487'
509,'3804353675'
509,'0924344235'
510,'8117591342'
511,'4001445662'
512,'9675497176'
513,'6147426929'
513,'3228133544'
514,'7890544687'
515,'4603134830'
515,'1983141966'
516,'7104257334'
516,'3227372254'
517,'2417883637'
518,'5164991753'
519,'2106159512'
519,'4818256220'
520,'4334708481'
521,'3296027678'
521,'5877141631'
522,'5166635705'
523,'4490202845'
523,'9463357520'
524,'2438961677'
524,'6103403922'
525,'2369802009'
526,'4449631104'
527,'8805818539'
528,'7778997997'
529,'9188090069'
529,'7305069379'
530,'9149624302'
530,'8350267616'
531,'0432692538'
532,'5660315278'
533,'8178570282'
533,'3726480723'
534,'1269136744'
535,'1766325104'
536,'5123860401'
536,'9168880911'
537,'1699906596'
538,'7845704044'
539,'2438133761'
540,'8221268837'
540,'3314290644'
541,'8976485619'
542,'7125516462'
542,'8490848273'
543,'0349419729'
543,'1502265501'
544,'5560519959'
544,'2719872767'
545,'7365076294'
545,'3132960754'
546,'7100546936'
547,'9191490645'
547,'2569918654'
548,'1927331720'
549,'5043218579'
550,'9950051167'
550,'9549990343'
551,'8708001257'
551,'8162872572'
552,'7076910791'
553,'9272901065'
553,'1567910312'
554,'0768290261'
555,'8833901109'
555,'3515253908'
556,'1929572827'
556,'2024553496'
557,'5907424307'
557,'7015398363'
558,'1241428297'
558,'6638116547'
559,'6567630145'
560,'5457199209'
561,'6304341664'
562,'0348018942'
563,'3341137107'
564,'5665729903'
564,'3148194763'
565,'3160155422'
566,'3140326965'
567,'7916790127'
567,'4364211704'
568,'2623162327'
568,'9910606445'
569,'3515038619'
570,'8194060986'
570,'1537201382'
571,'9732671446'
572,'8865911243'
572,'9337393346'
573,'8834979927'
574,'0517627007'
575,'3983603738'
575,'5871073138'
576,'2419880504'
577,'9185687999'
577,'1175301868'
578,'9567546716'
578,'3322575744'
579,'7559350231'
579,'6231695495'
580,'6092107038'
581,'7556855931'
581,'4203547221'
582,'2666079461'
583,'3856928459'
583,'8645906049'
584,'6321362498'
584,'3443385309'
585,'4978486651'
586,'2511346970'
586,'0517435767'
587,'4517594939'
588,'9135403766'
588,'8272189435'
589,'4168186342'
590,'3213440816'
590,'9951161820'
591,'9326649667'
592,'2411774795'
593,'4270612307'
593,'8558997543'
594,'8951275298'
594,'7127216470'
595,'8608494909'
596,'4247797407'
597,'2210360363'
598,'8348898396'
599,'1196934901'
599,'9759600381'
600,'2553034212'
600,'1009144697'
601,'2519833822'
601,'2249033264'
602,'8302236097'
603,'6180563118'
603,'2286748095'
604,'9535586737'
604,'9663263334'
605,'0687150493'
606,'3148010246'
607,'6370284992'
607,'3085701095'
608,'8576644639'
609,'7264484926'
610,'9057431782'
611,'2550773129'
612,'6270623981'
612,'0890287448'
613,'1900395028'
613,'9185585549'
614,'7836055613'
615,'7874858203'
615,'5172681318'
616,'1463881510'
617,'2022242399'
618,'9255689829'
618,'8426712425'
619,'4307604381'
620,'5324152991'
621,'1819363851'
622,'9858596963'
622,'0110795141'
623,'2338071337'
624,'9233323132'
624,'1847522244'
625,'8432200727'
626,'1556314328'
626,'1797406504'
627,'3132671196'
627,'9849987679'
628,'3701952161'
628,'2620838219'
629,'2254563428'
629,'1323854096'
630,'4597293801'
630,'0450076636'
631,'2645515215'
632,'6013262317'
633,'3620680901'
633,'2997024784'
634,'5968119816'
634,'8830176784'
635,'2202240596'
635,'2026195879'
636,'8220723053'
636,'8984931343'
637,'8041769958'
638,'0844146086'
639,'2332586366'
639,'5344520167'
640,'3591252593'
640,'3370605805'
641,'4090477305'
641,'8611613286'
642,'0941924420'
643,'6313670064'
644,'1919841765'
645,'8650606889'
646,'0034304136'
647,'4857695001'
647,'9468276649'
648,'0452557578'
648,'2754239972'
649,'0072383779'
649,'2618085488'
650,'2653170150'
650,'6192168616'
651,'2616596253'
651,'8631350766'
652,'8762754298'
653,'2162723462'
654,'0231145728'
655,'7936662989'
655,'1237660426'
656,'2188478694'
657,'4866048098'
657,'3078199950'
658,'3365403984'
659,'3952651445'
660,'8509847717'
660,'0026210366'
661,'5988986270'
662,'6942670771'
663,'8952557526'
663,'2065098787'
664,'1261593050'
665,'8858508645'
665,'1125956161'
666,'4286263421'
666,'9806613251'
667,'3758747470'
668,'1749469153'
669,'6465950772'
669,'3456544787'
670,'6100433982'
671,'1785695557'
671,'4506008538'
672,'6626422329'
673,'6988014764'
674,'2205544105'
675,'0032361498'
676,'6083270255'
676,'5755808983'
677,'6226009647'
678,'0667063660'
678,'3211151018'
679,'4273335951'
679,'9871116348'
680,'4763797602'
680,'8941304299'
681,'2354017800'
682,'8032905201'
682,'1828853004'
683,'7006856213'
684,'7281172092'
685,'4437954216'
686,'8730061997'
686,'9755300355'
687,'8755229295'
688,'6565550006'
688,'8823343190'
689,'7464666518'
690,'4419697588'
690,'8693171472'
691,'5459493396'
692,'3101911274'
693,'9262194499'
693,'3191614283'
694,'3391793993'
695,'9696158160'
696,'2106768592'
697,'1969795619'
697,'5021049851'
698,'1777308345'
699,'5613288969'
700,'6702028187'
700,'7403965494'
701,'8366469531'
702,'7203368361'
703,'6672996292'
704,'1108483040'
704,'0424694043'
705,'2706871450'
705,'4890213732'
706,'8960247076'
706,'0943598882'
707,'2975598855'
707,'5299190607'
708,'8664639570'
708,'4107869540'
709,'1865097518'
710,'4918708833'
710,'7800046668'
711,'4032757365'
712,'3090731522'
712,'4850137679'
713,'0617915622'
714,'5631646303'
715,'0957935042'
716,'9403404941'
717,'6687594192'
717,'9028683626'
718,'9197588942'
719,'0996654759'
720,'5633509558'
721,'9352861673'
721,'7694029619'
722,'9326579027'
722,'1530940649'
723,'8151880861'
723,'7835086878'
724,'3030448675'
724,'6167473094'
725,'8361567806'
725,'3028898938'
726,'7487313883'
726,'3878542148'
727,'4617796599'
728,'6941404811'
729,'7263574527'
730,'4209468208'
730,'6803556654'
731,'7549529004'
732,'0169229714'
733,'4253823903'
733,'0497755778'
734,'4914018009'
735,'7578574795'
736,'6602799348'
736,'3755976288'
737,'8671934963'
738,'6937983940'
738,'6654034631'
739,'0275088104'
739,'7687210996'
740,'3845859782'
741,'7435375970'
741,'9754947958'
742,'1829497411'
743,'3523846381'
743,'7085228733'
744,'0224108460'
745,'0233048760'
746,'9593293117'
746,'0526233784'
747,'0786846394'
748,'6400101204'
749,'0938270547'
750,'8569571391'
750,'0341658649'
751,'1988901370'
751,'9334505105'
752,'8354038397'
753,'8748549930'
753,'5672781358'
754,'5965881884'
755,'5372412514'
756,'0710580688'
756,'0731803552'
757,'6071979502'
757,'2833962359'
758,'0256119657'
758,'1507548241'
759,'1819213239'
759,'4407037701'
760,'8596429805'
760,'4242852370'
761,'2460986126'
762,'1364247263'
762,'6830175366'
763,'1583835737'
764,'3556738281'
764,'6495788345'
765,'3159214310'
765,'8596282403'
766,'0618336732'
766,'2252685556'
767,'7627529007'
767,'3109773392'
768,'4806088763'
769,'5953938711'
770,'2885876721'
770,'9472829954'
771,'8757897276'
772,'6929033238'
772,'8523966538'
773,'9135498603'
774,'7545264682'
775,'6907349423'
776,'6316434898'
776,'2078961728'
777,'6608045551'
778,'4542293247'
778,'7205051390'
779,'4038901020'
779,'9224435819'
780,'0591054472'
781,'8471175424'
781,'1455602296'
782,'4065364327'
783,'5600367353'
783,'4946421860'
784,'4811893259'
784,'9990671270'
785,'8382751492'
785,'1991888728'
786,'8859861257'
787,'6780902628'
787,'2614323727'
788,'0304080583'
788,'8315433216'
789,'9744209089'
790,'6570646237'
791,'1284795741'
792,'9986654626'
792,'6434302056'
793,'3863011310'
793,'4992229357'
794,'5752435807'
795,'2961809114'
795,'8581619287'
796,'3591960179'
796,'2614940258'
797,'4973979371'
798,'4375319572'
798,'8937253136'
799,'2740032395'
800,'3747863436'
801,'2165100264'
801,'3871182153'
802,'5306247264'
803,'9942226064'
804,'6588042080'
804,'4977018489'
805,'4772307057'
806,'1126206632'
806,'2102929438'
807,'4300619853'
808,'0804159513'
808,'9834457098'
809,'5583069024'
809,'0481137009'
810,'3567617288'
811,'0840715120'
812,'0218796725'
813,'9937783008'
814,'3602024530'
814,'5799385545'
815,'9107051322'
816,'8154294405'
816,'7522882633'
817,'8992784129'
818,'2473299580'
819,'8687090130'
820,'5307083425'
820,'3700994756'
821,'5401057723'
822,'1246018748'
822,'3122902191'
823,'8760239376'
823,'4398066251'
824,'1356221170'
824,'1716813158'
825,'6442065159'
825,'6312528905'
826,'6880628173'
826,'4076006903'
827,'8474136175'
828,'7415783814'
829,'1700431647'
830,'8425010739'
830,'6303377589'
831,'5370959900'
831,'0788688401'
832,'9608400305'
833,'4796490746'
833,'7668834755'
834,'9530190525'
834,'6777081609'
835,'4560042475'
836,'9399008885'
837,'8768883269'
837,'0360833571'
838,'8477546529'
838,'5517224946'
839,'3365290089'
840,'0686378106'
841,'7588474690'
842,'5726711310'
843,'2103111213'
843,'9979299423'
844,'5937517750'
845,'1372178001'
846,'1602543015'
847,'3496958331'
848,'4997557355'
848,'9026757418'
849,'5289056523'
850,'9872963894'
851,'0987709628'
851,'1001329854'
852,'2455345106'
852,'7939171479'
853,'9685698401'
853,'2820133888'
854,'7815153711'
855,'7274172984'
856,'9310044737'
857,'5636892193'
857,'4342245125'
858,'1356226492'
859,'5047592931'
860,'3079567111'
861,'1363373032'
862,'6208561560'
862,'6555655651'
863,'9861314144'
864,'7924097481'
865,'4134359439'
866,'8877526166'
867,'0375846700'
868,'3553277084'
869,'0482168656'
870,'3414622292'
870,'4564215732'
871,'7834105593'
872,'2758735141'
872,'1289907277'
873,'2939260923'
873,'6597189851'
874,'7107027312'
874,'9980265599'
875,'0342424478'
876,'0569093535'
876,'1912582592'
877,'4955215140'
878,'8705991465'
879,'1244055785'
880,'3735901116'
881,'7167309628'
881,'5340915702'
882,'1672946280'
883,'4260379109'
884,'9298852307'
884,'8595716779'
885,'6926606404'
886,'0944595332'
886,'9961162740'
887,'0700550424'
888,'4456725329'
888,'0346405371'
889,'1859321504'
890,'1033121909'
890,'0816771637'
891,'8754780959'
891,'7393144051'
892,'7822380624'
892,'8338813939'
893,'2228368684'
894,'0725161891'
894,'3831004651'
895,'0104589541'
896,'3449806821'
896,'0139207151'
897,'5061486461'
897,'5556832677'
898,'7859022280'
898,'5963345427'
899,'5214102498'
900,'0020107500'
900,'4602964194'
901,'7237477162'
901,'9635507384'
902,'1041486618'
903,'0970682930'
904,'9736544807'
905,'5139825177'
906,'8154122438'
907,'6815225985'
907,'5027304222'
908,'3381177819'
909,'9669223968'
910,'0997765961'
911,'8051155421'
911,'0996362548'
912,'8230338372'
912,'6609181844'
913,'2747012193'
914,'0010307174'
915,'4225600538'
915,'8743121448'
916,'7973468958'
917,'3766894484'
918,'0435574393'
919,'6840180356'
920,'1629283486'
920,'6310859507'
921,'9493799239'
921,'8215885669'
922,'5011743879'
922,'8483619937'
923,'3155496537'
924,'1383733286'
925,'3271354802'
926,'2190357674'
927,'4777934889'
928,'9324165976'
929,'6492600485'
930,'4979558869'
930,'1223188431'
931,'7042078126'
931,'9375964800'
932,'5124040660'
933,'6843341156'
934,'5346079521'
935,'6824054997'
936,'1498287401'
937,'6969065158'
938,'8852673074'
938,'3442022925'
939,'4079259088'
940,'6837963559'
940,'9689365022'
941,'6730961974'
942,'1756551088'
942,'7010291644'
943,'4777659558'
944,'6187571131'
944,'4293619680'
945,'5201680519'
946,'1498708912'
947,'3415253096'
947,'1169881089'
948,'1536948900'
949,'6937295440'
950,'1398160515'
950,'5708495855'
951,'9224526517'
951,'2858376325'
952,'9412353038'
953,'9810579092'
954,'7195814380'
955,'2137221289'
956,'0949439391'
957,'5191612289'
958,'3224859930'
958,'6447776112'
959,'3089116515'
959,'9673806734'
960,'8750630482'
960,'6541443655'
961,'7372641752'
962,'4294253774'
963,'4500907506'
964,'0011450580'
964,'3625888041'
965,'7819735366'
965,'1597578939'
966,'6475643704'
966,'3252653177'
967,'7048830042'
967,'2828785398'
968,'2708030968'
969,'5615229069'
969,'8302873409'
970,'5489935721'
971,'4893778820'
971,'2167611421'
972,'9420942733'
973,'6805084537'
973,'6671094097'
974,'9735473910'
975,'5303670104'
976,'2591159511'
977,'3620407169'
978,'6235051813'
978,'7502348858'
979,'1507841415'
979,'0162057784'
980,'9902515384'
981,'1529279924'
981,'4976269631'
982,'8920643572'
983,'5530868800'
984,'3086740179'
985,'2188740655'
985,'4673739486'
986,'2110083984'
987,'9392614311'
987,'8027495569'
988,'2985205974'
989,'2635820285'
990,'4866984727'
990,'7339218053'
991,'8924062265'
991,'1632496798'
992,'2567509887'
992,'8541129514'
993,'2620743693'
994,'8427315383'
994,'6001302788'
995,'0123245219'
996,'1034346244'
996,'4309871095'
997,'7098953427'
998,'0333625801'
999,'9905864096'
999,'1191090734'
1000,'3121676719'
1000,'4403349995'
1001,'4716414083'
1001,'9067354401'
1002,'0760115800'
1002,'5430750590'
1003,'6182992773'
1004,'7954689758'
1004,'5780585718'
1005,'9681386849'
1005,'9513718434'
1006,'1900518931'
1006,'6396000506'
1007,'6230311055'
1007,'1620365543'
1008,'6199984717'
1008,'3953031025'
1009,'8272583529'
1010,'5995284356'
