request_id,table_id,customer_id,requested_time,start_time,end_time,status
0,22,615,'2021-06-01 10:00:00','2021-07-16 10:00:00','2021-07-16 11:00:00','request-placed'
1,2,649,'2021-06-01 10:30:00','2021-07-16 10:30:00','2021-07-16 11:30:00','request-placed'
2,4,673,'2021-06-01 11:00:00','2021-07-16 11:00:00','2021-07-16 12:00:00','request-placed'
3,15,863,'2021-06-01 11:30:00','2021-07-16 11:30:00','2021-07-16 12:30:00','request-placed'
4,12,191,'2021-06-01 12:00:00','2021-07-16 12:00:00','2021-07-16 13:00:00','request-placed'
5,8,411,'2021-06-01 12:30:00','2021-07-16 12:30:00','2021-07-16 13:30:00','request-placed'
6,11,868,'2021-06-01 13:00:00','2021-07-16 13:00:00','2021-07-16 14:00:00','request-placed'
7,8,47,'2021-06-01 13:30:00','2021-07-16 13:30:00','2021-07-16 14:30:00','request-placed'
8,1,162,'2021-06-01 14:00:00','2021-07-16 14:00:00','2021-07-16 15:00:00','request-placed'
9,3,879,'2021-06-01 14:30:00','2021-07-16 14:30:00','2021-07-16 15:30:00','request-placed'
10,12,902,'2021-06-01 15:00:00','2021-07-16 15:00:00','2021-07-16 16:00:00','request-placed'
11,16,655,'2021-06-01 15:30:00','2021-07-16 15:30:00','2021-07-16 16:30:00','request-placed'
12,8,635,'2021-06-01 16:00:00','2021-07-16 16:00:00','2021-07-16 17:00:00','request-placed'
13,16,281,'2021-06-01 16:30:00','2021-07-16 16:30:00','2021-07-16 17:30:00','request-placed'
14,21,30,'2021-06-01 17:00:00','2021-07-16 17:00:00','2021-07-16 18:00:00','request-placed'
15,0,725,'2021-06-01 17:30:00','2021-07-16 17:30:00','2021-07-16 18:30:00','request-placed'
16,5,337,'2021-06-01 18:00:00','2021-07-16 18:00:00','2021-07-16 19:00:00','request-placed'
17,19,396,'2021-06-01 18:30:00','2021-07-16 18:30:00','2021-07-16 19:30:00','request-placed'
18,3,884,'2021-06-01 19:00:00','2021-07-16 19:00:00','2021-07-16 20:00:00','request-placed'
19,16,149,'2021-06-01 19:30:00','2021-07-16 19:30:00','2021-07-16 20:30:00','request-placed'
20,23,713,'2021-06-01 20:00:00','2021-07-16 20:00:00','2021-07-16 21:00:00','request-placed'
21,13,900,'2021-06-01 20:30:00','2021-07-16 20:30:00','2021-07-16 21:30:00','request-placed'
22,20,504,'2021-06-01 21:00:00','2021-07-16 21:00:00','2021-07-16 22:00:00','request-placed'
23,16,976,'2021-06-01 21:30:00','2021-07-16 21:30:00','2021-07-16 22:30:00','request-placed'
24,5,969,'2021-06-01 22:00:00','2021-07-16 22:00:00','2021-07-16 23:00:00','request-placed'
25,5,697,'2021-06-01 22:30:00','2021-07-16 22:30:00','2021-07-16 23:30:00','request-placed'
26,4,649,'2021-06-01 23:00:00','2021-07-16 23:00:00','2021-07-17 00:00:00','request-placed'
27,16,347,'2021-06-01 23:30:00','2021-07-16 23:30:00','2021-07-17 00:30:00','request-placed'
28,24,725,'2021-06-02 00:00:00','2021-07-17 00:00:00','2021-07-17 01:00:00','request-placed'
29,16,21,'2021-06-02 00:30:00','2021-07-17 00:30:00','2021-07-17 01:30:00','request-placed'
30,10,986,'2021-06-02 01:00:00','2021-07-17 01:00:00','2021-07-17 02:00:00','request-placed'
31,4,886,'2021-06-02 01:30:00','2021-07-17 01:30:00','2021-07-17 02:30:00','request-placed'
32,24,710,'2021-06-02 02:00:00','2021-07-17 02:00:00','2021-07-17 03:00:00','request-placed'
33,4,139,'2021-06-02 02:30:00','2021-07-17 02:30:00','2021-07-17 03:30:00','request-placed'
34,11,38,'2021-06-02 03:00:00','2021-07-17 03:00:00','2021-07-17 04:00:00','request-placed'
35,6,291,'2021-06-02 03:30:00','2021-07-17 03:30:00','2021-07-17 04:30:00','request-placed'
36,4,97,'2021-06-02 04:00:00','2021-07-17 04:00:00','2021-07-17 05:00:00','request-placed'
37,2,37,'2021-06-02 04:30:00','2021-07-17 04:30:00','2021-07-17 05:30:00','request-placed'
38,21,291,'2021-06-02 05:00:00','2021-07-17 05:00:00','2021-07-17 06:00:00','request-placed'
39,3,835,'2021-06-02 05:30:00','2021-07-17 05:30:00','2021-07-17 06:30:00','request-placed'
40,8,209,'2021-06-02 06:00:00','2021-07-17 06:00:00','2021-07-17 07:00:00','request-placed'
41,5,664,'2021-06-02 06:30:00','2021-07-17 06:30:00','2021-07-17 07:30:00','request-placed'
42,19,864,'2021-06-02 07:00:00','2021-07-17 07:00:00','2021-07-17 08:00:00','request-placed'
43,7,8,'2021-06-02 07:30:00','2021-07-17 07:30:00','2021-07-17 08:30:00','request-placed'
44,0,588,'2021-06-02 08:00:00','2021-07-17 08:00:00','2021-07-17 09:00:00','request-placed'
45,18,885,'2021-06-02 08:30:00','2021-07-17 08:30:00','2021-07-17 09:30:00','request-placed'
46,12,827,'2021-06-02 09:00:00','2021-07-17 09:00:00','2021-07-17 10:00:00','request-placed'
47,22,942,'2021-06-02 09:30:00','2021-07-17 09:30:00','2021-07-17 10:30:00','request-placed'
48,2,795,'2021-06-02 10:00:00','2021-07-17 10:00:00','2021-07-17 11:00:00','request-placed'
49,22,251,'2021-06-02 10:30:00','2021-07-17 10:30:00','2021-07-17 11:30:00','request-placed'
50,13,425,'2021-06-02 11:00:00','2021-07-17 11:00:00','2021-07-17 12:00:00','request-placed'
51,5,897,'2021-06-02 11:30:00','2021-07-17 11:30:00','2021-07-17 12:30:00','request-placed'
52,11,90,'2021-06-02 12:00:00','2021-07-17 12:00:00','2021-07-17 13:00:00','request-placed'
53,10,458,'2021-06-02 12:30:00','2021-07-17 12:30:00','2021-07-17 13:30:00','request-placed'
54,16,625,'2021-06-02 13:00:00','2021-07-17 13:00:00','2021-07-17 14:00:00','request-placed'
55,19,897,'2021-06-02 13:30:00','2021-07-17 13:30:00','2021-07-17 14:30:00','request-placed'
56,13,705,'2021-06-02 14:00:00','2021-07-17 14:00:00','2021-07-17 15:00:00','request-placed'
57,23,956,'2021-06-02 14:30:00','2021-07-17 14:30:00','2021-07-17 15:30:00','request-placed'
58,3,797,'2021-06-02 15:00:00','2021-07-17 15:00:00','2021-07-17 16:00:00','request-placed'
59,20,835,'2021-06-02 15:30:00','2021-07-17 15:30:00','2021-07-17 16:30:00','request-placed'
60,7,437,'2021-06-02 16:00:00','2021-07-17 16:00:00','2021-07-17 17:00:00','request-placed'
61,1,515,'2021-06-02 16:30:00','2021-07-17 16:30:00','2021-07-17 17:30:00','request-placed'
62,15,967,'2021-06-02 17:00:00','2021-07-17 17:00:00','2021-07-17 18:00:00','request-placed'
63,3,572,'2021-06-02 17:30:00','2021-07-17 17:30:00','2021-07-17 18:30:00','request-placed'
64,18,744,'2021-06-02 18:00:00','2021-07-17 18:00:00','2021-07-17 19:00:00','request-placed'
65,8,366,'2021-06-02 18:30:00','2021-07-17 18:30:00','2021-07-17 19:30:00','request-placed'
66,8,707,'2021-06-02 19:00:00','2021-07-17 19:00:00','2021-07-17 20:00:00','request-placed'
67,0,390,'2021-06-02 19:30:00','2021-07-17 19:30:00','2021-07-17 20:30:00','request-placed'
68,22,969,'2021-06-02 20:00:00','2021-07-17 20:00:00','2021-07-17 21:00:00','request-placed'
69,1,868,'2021-06-02 20:30:00','2021-07-17 20:30:00','2021-07-17 21:30:00','request-placed'
70,4,69,'2021-06-02 21:00:00','2021-07-17 21:00:00','2021-07-17 22:00:00','request-placed'
71,3,118,'2021-06-02 21:30:00','2021-07-17 21:30:00','2021-07-17 22:30:00','request-placed'
72,18,964,'2021-06-02 22:00:00','2021-07-17 22:00:00','2021-07-17 23:00:00','request-placed'
73,16,684,'2021-06-02 22:30:00','2021-07-17 22:30:00','2021-07-17 23:30:00','request-placed'
74,17,590,'2021-06-02 23:00:00','2021-07-17 23:00:00','2021-07-18 00:00:00','request-placed'
75,7,330,'2021-06-02 23:30:00','2021-07-17 23:30:00','2021-07-18 00:30:00','request-placed'
76,23,136,'2021-06-03 00:00:00','2021-07-18 00:00:00','2021-07-18 01:00:00','request-placed'
77,1,291,'2021-06-03 00:30:00','2021-07-18 00:30:00','2021-07-18 01:30:00','request-placed'
78,11,700,'2021-06-03 01:00:00','2021-07-18 01:00:00','2021-07-18 02:00:00','request-placed'
79,1,510,'2021-06-03 01:30:00','2021-07-18 01:30:00','2021-07-18 02:30:00','request-placed'
80,5,172,'2021-06-03 02:00:00','2021-07-18 02:00:00','2021-07-18 03:00:00','request-placed'
81,9,626,'2021-06-03 02:30:00','2021-07-18 02:30:00','2021-07-18 03:30:00','request-placed'
82,2,143,'2021-06-03 03:00:00','2021-07-18 03:00:00','2021-07-18 04:00:00','request-placed'
83,4,924,'2021-06-03 03:30:00','2021-07-18 03:30:00','2021-07-18 04:30:00','request-placed'
84,16,814,'2021-06-03 04:00:00','2021-07-18 04:00:00','2021-07-18 05:00:00','request-placed'
85,1,21,'2021-06-03 04:30:00','2021-07-18 04:30:00','2021-07-18 05:30:00','request-placed'
86,1,384,'2021-06-03 05:00:00','2021-07-18 05:00:00','2021-07-18 06:00:00','request-placed'
87,11,638,'2021-06-03 05:30:00','2021-07-18 05:30:00','2021-07-18 06:30:00','request-placed'
88,21,632,'2021-06-03 06:00:00','2021-07-18 06:00:00','2021-07-18 07:00:00','request-placed'
89,16,483,'2021-06-03 06:30:00','2021-07-18 06:30:00','2021-07-18 07:30:00','request-placed'
90,17,585,'2021-06-03 07:00:00','2021-07-18 07:00:00','2021-07-18 08:00:00','request-placed'
91,9,405,'2021-06-03 07:30:00','2021-07-18 07:30:00','2021-07-18 08:30:00','request-placed'
92,3,651,'2021-06-03 08:00:00','2021-07-18 08:00:00','2021-07-18 09:00:00','request-placed'
93,8,28,'2021-06-03 08:30:00','2021-07-18 08:30:00','2021-07-18 09:30:00','request-placed'
94,1,360,'2021-06-03 09:00:00','2021-07-18 09:00:00','2021-07-18 10:00:00','request-placed'
95,0,443,'2021-06-03 09:30:00','2021-07-18 09:30:00','2021-07-18 10:30:00','request-placed'
96,7,495,'2021-06-03 10:00:00','2021-07-18 10:00:00','2021-07-18 11:00:00','request-placed'
97,13,12,'2021-06-03 10:30:00','2021-07-18 10:30:00','2021-07-18 11:30:00','request-placed'
98,19,946,'2021-06-03 11:00:00','2021-07-18 11:00:00','2021-07-18 12:00:00','request-placed'
99,4,866,'2021-06-03 11:30:00','2021-07-18 11:30:00','2021-07-18 12:30:00','request-placed'
100,7,479,'2021-06-03 12:00:00','2021-07-18 12:00:00','2021-07-18 13:00:00','request-placed'
101,17,45,'2021-06-03 12:30:00','2021-07-18 12:30:00','2021-07-18 13:30:00','request-placed'
102,6,933,'2021-06-03 13:00:00','2021-07-18 13:00:00','2021-07-18 14:00:00','request-placed'
103,7,228,'2021-06-03 13:30:00','2021-07-18 13:30:00','2021-07-18 14:30:00','request-placed'
104,2,603,'2021-06-03 14:00:00','2021-07-18 14:00:00','2021-07-18 15:00:00','request-placed'
105,5,732,'2021-06-03 14:30:00','2021-07-18 14:30:00','2021-07-18 15:30:00','request-placed'
106,13,116,'2021-06-03 15:00:00','2021-07-18 15:00:00','2021-07-18 16:00:00','request-placed'
107,19,711,'2021-06-03 15:30:00','2021-07-18 15:30:00','2021-07-18 16:30:00','request-placed'
108,22,298,'2021-06-03 16:00:00','2021-07-18 16:00:00','2021-07-18 17:00:00','request-placed'
109,11,522,'2021-06-03 16:30:00','2021-07-18 16:30:00','2021-07-18 17:30:00','request-placed'
110,3,652,'2021-06-03 17:00:00','2021-07-18 17:00:00','2021-07-18 18:00:00','request-placed'
111,24,797,'2021-06-03 17:30:00','2021-07-18 17:30:00','2021-07-18 18:30:00','request-placed'
112,15,50,'2021-06-03 18:00:00','2021-07-18 18:00:00','2021-07-18 19:00:00','request-placed'
113,18,573,'2021-06-03 18:30:00','2021-07-18 18:30:00','2021-07-18 19:30:00','request-placed'
114,1,443,'2021-06-03 19:00:00','2021-07-18 19:00:00','2021-07-18 20:00:00','request-placed'
115,24,460,'2021-06-03 19:30:00','2021-07-18 19:30:00','2021-07-18 20:30:00','request-placed'
116,13,990,'2021-06-03 20:00:00','2021-07-18 20:00:00','2021-07-18 21:00:00','request-placed'
117,23,14,'2021-06-03 20:30:00','2021-07-18 20:30:00','2021-07-18 21:30:00','request-placed'
118,7,774,'2021-06-03 21:00:00','2021-07-18 21:00:00','2021-07-18 22:00:00','request-placed'
119,10,537,'2021-06-03 21:30:00','2021-07-18 21:30:00','2021-07-18 22:30:00','request-placed'
120,14,322,'2021-06-03 22:00:00','2021-07-18 22:00:00','2021-07-18 23:00:00','request-placed'
121,14,632,'2021-06-03 22:30:00','2021-07-18 22:30:00','2021-07-18 23:30:00','request-placed'
122,8,501,'2021-06-03 23:00:00','2021-07-18 23:00:00','2021-07-19 00:00:00','request-placed'
123,7,247,'2021-06-03 23:30:00','2021-07-18 23:30:00','2021-07-19 00:30:00','request-placed'
124,23,799,'2021-06-04 00:00:00','2021-07-19 00:00:00','2021-07-19 01:00:00','request-placed'
125,6,281,'2021-06-04 00:30:00','2021-07-19 00:30:00','2021-07-19 01:30:00','request-placed'
126,7,26,'2021-06-04 01:00:00','2021-07-19 01:00:00','2021-07-19 02:00:00','request-placed'
127,5,420,'2021-06-04 01:30:00','2021-07-19 01:30:00','2021-07-19 02:30:00','request-placed'
128,6,826,'2021-06-04 02:00:00','2021-07-19 02:00:00','2021-07-19 03:00:00','request-placed'
129,14,154,'2021-06-04 02:30:00','2021-07-19 02:30:00','2021-07-19 03:30:00','request-placed'
130,6,815,'2021-06-04 03:00:00','2021-07-19 03:00:00','2021-07-19 04:00:00','request-placed'
131,14,738,'2021-06-04 03:30:00','2021-07-19 03:30:00','2021-07-19 04:30:00','request-placed'
132,5,345,'2021-06-04 04:00:00','2021-07-19 04:00:00','2021-07-19 05:00:00','request-placed'
133,8,126,'2021-06-04 04:30:00','2021-07-19 04:30:00','2021-07-19 05:30:00','request-placed'
134,10,94,'2021-06-04 05:00:00','2021-07-19 05:00:00','2021-07-19 06:00:00','request-placed'
135,0,46,'2021-06-04 05:30:00','2021-07-19 05:30:00','2021-07-19 06:30:00','request-placed'
136,5,40,'2021-06-04 06:00:00','2021-07-19 06:00:00','2021-07-19 07:00:00','request-placed'
137,15,705,'2021-06-04 06:30:00','2021-07-19 06:30:00','2021-07-19 07:30:00','request-placed'
138,3,490,'2021-06-04 07:00:00','2021-07-19 07:00:00','2021-07-19 08:00:00','request-placed'
139,6,468,'2021-06-04 07:30:00','2021-07-19 07:30:00','2021-07-19 08:30:00','request-placed'
140,21,469,'2021-06-04 08:00:00','2021-07-19 08:00:00','2021-07-19 09:00:00','request-placed'
141,8,220,'2021-06-04 08:30:00','2021-07-19 08:30:00','2021-07-19 09:30:00','request-placed'
142,23,701,'2021-06-04 09:00:00','2021-07-19 09:00:00','2021-07-19 10:00:00','request-placed'
143,22,605,'2021-06-04 09:30:00','2021-07-19 09:30:00','2021-07-19 10:30:00','request-placed'
144,9,341,'2021-06-04 10:00:00','2021-07-19 10:00:00','2021-07-19 11:00:00','request-placed'
145,4,318,'2021-06-04 10:30:00','2021-07-19 10:30:00','2021-07-19 11:30:00','request-placed'
146,15,533,'2021-06-04 11:00:00','2021-07-19 11:00:00','2021-07-19 12:00:00','request-placed'
147,9,673,'2021-06-04 11:30:00','2021-07-19 11:30:00','2021-07-19 12:30:00','request-placed'
148,20,594,'2021-06-04 12:00:00','2021-07-19 12:00:00','2021-07-19 13:00:00','request-placed'
149,16,526,'2021-06-04 12:30:00','2021-07-19 12:30:00','2021-07-19 13:30:00','request-placed'
150,4,439,'2021-06-04 13:00:00','2021-07-19 13:00:00','2021-07-19 14:00:00','request-placed'
151,8,831,'2021-06-04 13:30:00','2021-07-19 13:30:00','2021-07-19 14:30:00','request-placed'
152,17,263,'2021-06-04 14:00:00','2021-07-19 14:00:00','2021-07-19 15:00:00','request-placed'
153,1,134,'2021-06-04 14:30:00','2021-07-19 14:30:00','2021-07-19 15:30:00','request-placed'
154,3,698,'2021-06-04 15:00:00','2021-07-19 15:00:00','2021-07-19 16:00:00','request-placed'
155,16,309,'2021-06-04 15:30:00','2021-07-19 15:30:00','2021-07-19 16:30:00','request-placed'
156,3,730,'2021-06-04 16:00:00','2021-07-19 16:00:00','2021-07-19 17:00:00','request-placed'
157,6,476,'2021-06-04 16:30:00','2021-07-19 16:30:00','2021-07-19 17:30:00','request-placed'
158,16,223,'2021-06-04 17:00:00','2021-07-19 17:00:00','2021-07-19 18:00:00','request-placed'
159,6,564,'2021-06-04 17:30:00','2021-07-19 17:30:00','2021-07-19 18:30:00','request-placed'
160,2,235,'2021-06-04 18:00:00','2021-07-19 18:00:00','2021-07-19 19:00:00','request-placed'
161,10,683,'2021-06-04 18:30:00','2021-07-19 18:30:00','2021-07-19 19:30:00','request-placed'
162,16,427,'2021-06-04 19:00:00','2021-07-19 19:00:00','2021-07-19 20:00:00','request-placed'
163,18,318,'2021-06-04 19:30:00','2021-07-19 19:30:00','2021-07-19 20:30:00','request-placed'
164,18,666,'2021-06-04 20:00:00','2021-07-19 20:00:00','2021-07-19 21:00:00','request-placed'
165,24,562,'2021-06-04 20:30:00','2021-07-19 20:30:00','2021-07-19 21:30:00','request-placed'
166,16,284,'2021-06-04 21:00:00','2021-07-19 21:00:00','2021-07-19 22:00:00','request-placed'
167,21,665,'2021-06-04 21:30:00','2021-07-19 21:30:00','2021-07-19 22:30:00','request-placed'
168,21,461,'2021-06-04 22:00:00','2021-07-19 22:00:00','2021-07-19 23:00:00','request-placed'
169,0,383,'2021-06-04 22:30:00','2021-07-19 22:30:00','2021-07-19 23:30:00','request-placed'
170,17,279,'2021-06-04 23:00:00','2021-07-19 23:00:00','2021-07-20 00:00:00','request-placed'
171,9,448,'2021-06-04 23:30:00','2021-07-19 23:30:00','2021-07-20 00:30:00','request-placed'
172,8,366,'2021-06-05 00:00:00','2021-07-20 00:00:00','2021-07-20 01:00:00','request-placed'
173,10,561,'2021-06-05 00:30:00','2021-07-20 00:30:00','2021-07-20 01:30:00','request-placed'
174,21,940,'2021-06-05 01:00:00','2021-07-20 01:00:00','2021-07-20 02:00:00','request-placed'
175,2,7,'2021-06-05 01:30:00','2021-07-20 01:30:00','2021-07-20 02:30:00','request-placed'
176,6,414,'2021-06-05 02:00:00','2021-07-20 02:00:00','2021-07-20 03:00:00','request-placed'
177,7,297,'2021-06-05 02:30:00','2021-07-20 02:30:00','2021-07-20 03:30:00','request-placed'
178,10,528,'2021-06-05 03:00:00','2021-07-20 03:00:00','2021-07-20 04:00:00','request-placed'
179,23,685,'2021-06-05 03:30:00','2021-07-20 03:30:00','2021-07-20 04:30:00','request-placed'
180,6,737,'2021-06-05 04:00:00','2021-07-20 04:00:00','2021-07-20 05:00:00','request-placed'
181,16,787,'2021-06-05 04:30:00','2021-07-20 04:30:00','2021-07-20 05:30:00','request-placed'
182,6,0,'2021-06-05 05:00:00','2021-07-20 05:00:00','2021-07-20 06:00:00','request-placed'
183,18,458,'2021-06-05 05:30:00','2021-07-20 05:30:00','2021-07-20 06:30:00','request-placed'
184,6,636,'2021-06-05 06:00:00','2021-07-20 06:00:00','2021-07-20 07:00:00','request-placed'
185,17,185,'2021-06-05 06:30:00','2021-07-20 06:30:00','2021-07-20 07:30:00','request-placed'
186,6,518,'2021-06-05 07:00:00','2021-07-20 07:00:00','2021-07-20 08:00:00','request-placed'
187,12,313,'2021-06-05 07:30:00','2021-07-20 07:30:00','2021-07-20 08:30:00','request-placed'
188,5,885,'2021-06-05 08:00:00','2021-07-20 08:00:00','2021-07-20 09:00:00','request-placed'
189,22,171,'2021-06-05 08:30:00','2021-07-20 08:30:00','2021-07-20 09:30:00','request-placed'
190,19,95,'2021-06-05 09:00:00','2021-07-20 09:00:00','2021-07-20 10:00:00','request-placed'
191,15,710,'2021-06-05 09:30:00','2021-07-20 09:30:00','2021-07-20 10:30:00','request-placed'
192,9,936,'2021-06-05 10:00:00','2021-07-20 10:00:00','2021-07-20 11:00:00','request-placed'
193,2,139,'2021-06-05 10:30:00','2021-07-20 10:30:00','2021-07-20 11:30:00','request-placed'
194,7,198,'2021-06-05 11:00:00','2021-07-20 11:00:00','2021-07-20 12:00:00','request-placed'
195,7,791,'2021-06-05 11:30:00','2021-07-20 11:30:00','2021-07-20 12:30:00','request-placed'
196,3,712,'2021-06-05 12:00:00','2021-07-20 12:00:00','2021-07-20 13:00:00','request-placed'
197,24,51,'2021-06-05 12:30:00','2021-07-20 12:30:00','2021-07-20 13:30:00','request-placed'
198,22,363,'2021-06-05 13:00:00','2021-07-20 13:00:00','2021-07-20 14:00:00','request-placed'
199,6,510,'2021-06-05 13:30:00','2021-07-20 13:30:00','2021-07-20 14:30:00','request-placed'
200,21,194,'2021-06-05 14:00:00','2021-07-20 14:00:00','2021-07-20 15:00:00','request-placed'
201,21,988,'2021-06-05 14:30:00','2021-07-20 14:30:00','2021-07-20 15:30:00','request-placed'
202,9,581,'2021-06-05 15:00:00','2021-07-20 15:00:00','2021-07-20 16:00:00','request-placed'
203,15,128,'2021-06-05 15:30:00','2021-07-20 15:30:00','2021-07-20 16:30:00','request-placed'
204,2,593,'2021-06-05 16:00:00','2021-07-20 16:00:00','2021-07-20 17:00:00','request-placed'
205,6,343,'2021-06-05 16:30:00','2021-07-20 16:30:00','2021-07-20 17:30:00','request-placed'
206,12,24,'2021-06-05 17:00:00','2021-07-20 17:00:00','2021-07-20 18:00:00','request-placed'
207,6,827,'2021-06-05 17:30:00','2021-07-20 17:30:00','2021-07-20 18:30:00','request-placed'
208,22,875,'2021-06-05 18:00:00','2021-07-20 18:00:00','2021-07-20 19:00:00','request-placed'
209,18,449,'2021-06-05 18:30:00','2021-07-20 18:30:00','2021-07-20 19:30:00','request-placed'
210,19,175,'2021-06-05 19:00:00','2021-07-20 19:00:00','2021-07-20 20:00:00','request-placed'
211,17,452,'2021-06-05 19:30:00','2021-07-20 19:30:00','2021-07-20 20:30:00','request-placed'
212,6,620,'2021-06-05 20:00:00','2021-07-20 20:00:00','2021-07-20 21:00:00','request-placed'
213,24,97,'2021-06-05 20:30:00','2021-07-20 20:30:00','2021-07-20 21:30:00','request-placed'
214,1,740,'2021-06-05 21:00:00','2021-07-20 21:00:00','2021-07-20 22:00:00','request-placed'
215,23,661,'2021-06-05 21:30:00','2021-07-20 21:30:00','2021-07-20 22:30:00','request-placed'
216,8,591,'2021-06-05 22:00:00','2021-07-20 22:00:00','2021-07-20 23:00:00','request-placed'
217,19,861,'2021-06-05 22:30:00','2021-07-20 22:30:00','2021-07-20 23:30:00','request-placed'
218,9,378,'2021-06-05 23:00:00','2021-07-20 23:00:00','2021-07-21 00:00:00','request-placed'
219,24,392,'2021-06-05 23:30:00','2021-07-20 23:30:00','2021-07-21 00:30:00','request-placed'
220,20,875,'2021-06-06 00:00:00','2021-07-21 00:00:00','2021-07-21 01:00:00','request-placed'
221,0,847,'2021-06-06 00:30:00','2021-07-21 00:30:00','2021-07-21 01:30:00','request-placed'
222,9,193,'2021-06-06 01:00:00','2021-07-21 01:00:00','2021-07-21 02:00:00','request-placed'
223,17,924,'2021-06-06 01:30:00','2021-07-21 01:30:00','2021-07-21 02:30:00','request-placed'
224,18,107,'2021-06-06 02:00:00','2021-07-21 02:00:00','2021-07-21 03:00:00','request-placed'
225,19,490,'2021-06-06 02:30:00','2021-07-21 02:30:00','2021-07-21 03:30:00','request-placed'
226,9,926,'2021-06-06 03:00:00','2021-07-21 03:00:00','2021-07-21 04:00:00','request-placed'
227,7,306,'2021-06-06 03:30:00','2021-07-21 03:30:00','2021-07-21 04:30:00','request-placed'
228,12,941,'2021-06-06 04:00:00','2021-07-21 04:00:00','2021-07-21 05:00:00','request-placed'
229,10,0,'2021-06-06 04:30:00','2021-07-21 04:30:00','2021-07-21 05:30:00','request-placed'
230,16,201,'2021-06-06 05:00:00','2021-07-21 05:00:00','2021-07-21 06:00:00','request-placed'
231,6,4,'2021-06-06 05:30:00','2021-07-21 05:30:00','2021-07-21 06:30:00','request-placed'
232,9,355,'2021-06-06 06:00:00','2021-07-21 06:00:00','2021-07-21 07:00:00','request-placed'
233,21,218,'2021-06-06 06:30:00','2021-07-21 06:30:00','2021-07-21 07:30:00','request-placed'
234,13,291,'2021-06-06 07:00:00','2021-07-21 07:00:00','2021-07-21 08:00:00','request-placed'
235,12,439,'2021-06-06 07:30:00','2021-07-21 07:30:00','2021-07-21 08:30:00','request-placed'
236,15,663,'2021-06-06 08:00:00','2021-07-21 08:00:00','2021-07-21 09:00:00','request-placed'
237,0,244,'2021-06-06 08:30:00','2021-07-21 08:30:00','2021-07-21 09:30:00','request-placed'
238,5,827,'2021-06-06 09:00:00','2021-07-21 09:00:00','2021-07-21 10:00:00','request-placed'
239,1,673,'2021-06-06 09:30:00','2021-07-21 09:30:00','2021-07-21 10:30:00','request-placed'
240,17,240,'2021-06-06 10:00:00','2021-07-21 10:00:00','2021-07-21 11:00:00','request-placed'
241,10,335,'2021-06-06 10:30:00','2021-07-21 10:30:00','2021-07-21 11:30:00','request-placed'
242,13,813,'2021-06-06 11:00:00','2021-07-21 11:00:00','2021-07-21 12:00:00','request-placed'
243,14,216,'2021-06-06 11:30:00','2021-07-21 11:30:00','2021-07-21 12:30:00','request-placed'
244,2,33,'2021-06-06 12:00:00','2021-07-21 12:00:00','2021-07-21 13:00:00','request-placed'
245,17,752,'2021-06-06 12:30:00','2021-07-21 12:30:00','2021-07-21 13:30:00','request-placed'
246,23,857,'2021-06-06 13:00:00','2021-07-21 13:00:00','2021-07-21 14:00:00','request-placed'
247,9,381,'2021-06-06 13:30:00','2021-07-21 13:30:00','2021-07-21 14:30:00','request-placed'
248,22,460,'2021-06-06 14:00:00','2021-07-21 14:00:00','2021-07-21 15:00:00','request-placed'
249,5,728,'2021-06-06 14:30:00','2021-07-21 14:30:00','2021-07-21 15:30:00','request-placed'
250,12,473,'2021-06-06 15:00:00','2021-07-21 15:00:00','2021-07-21 16:00:00','request-placed'
251,12,93,'2021-06-06 15:30:00','2021-07-21 15:30:00','2021-07-21 16:30:00','request-placed'
252,16,136,'2021-06-06 16:00:00','2021-07-21 16:00:00','2021-07-21 17:00:00','request-placed'
253,24,484,'2021-06-06 16:30:00','2021-07-21 16:30:00','2021-07-21 17:30:00','request-placed'
254,15,628,'2021-06-06 17:00:00','2021-07-21 17:00:00','2021-07-21 18:00:00','request-placed'
255,1,467,'2021-06-06 17:30:00','2021-07-21 17:30:00','2021-07-21 18:30:00','request-placed'
256,16,945,'2021-06-06 18:00:00','2021-07-21 18:00:00','2021-07-21 19:00:00','request-placed'
257,18,168,'2021-06-06 18:30:00','2021-07-21 18:30:00','2021-07-21 19:30:00','request-placed'
258,13,795,'2021-06-06 19:00:00','2021-07-21 19:00:00','2021-07-21 20:00:00','request-placed'
259,0,836,'2021-06-06 19:30:00','2021-07-21 19:30:00','2021-07-21 20:30:00','request-placed'
260,17,231,'2021-06-06 20:00:00','2021-07-21 20:00:00','2021-07-21 21:00:00','request-placed'
261,18,219,'2021-06-06 20:30:00','2021-07-21 20:30:00','2021-07-21 21:30:00','request-placed'
262,24,845,'2021-06-06 21:00:00','2021-07-21 21:00:00','2021-07-21 22:00:00','request-placed'
263,2,675,'2021-06-06 21:30:00','2021-07-21 21:30:00','2021-07-21 22:30:00','request-placed'
264,2,903,'2021-06-06 22:00:00','2021-07-21 22:00:00','2021-07-21 23:00:00','request-placed'
265,14,36,'2021-06-06 22:30:00','2021-07-21 22:30:00','2021-07-21 23:30:00','request-placed'
266,24,885,'2021-06-06 23:00:00','2021-07-21 23:00:00','2021-07-22 00:00:00','request-placed'
267,22,975,'2021-06-06 23:30:00','2021-07-21 23:30:00','2021-07-22 00:30:00','request-placed'
268,10,691,'2021-06-07 00:00:00','2021-07-22 00:00:00','2021-07-22 01:00:00','request-placed'
269,17,214,'2021-06-07 00:30:00','2021-07-22 00:30:00','2021-07-22 01:30:00','request-placed'
270,15,574,'2021-06-07 01:00:00','2021-07-22 01:00:00','2021-07-22 02:00:00','request-placed'
271,7,434,'2021-06-07 01:30:00','2021-07-22 01:30:00','2021-07-22 02:30:00','request-placed'
272,12,770,'2021-06-07 02:00:00','2021-07-22 02:00:00','2021-07-22 03:00:00','request-placed'
273,23,227,'2021-06-07 02:30:00','2021-07-22 02:30:00','2021-07-22 03:30:00','request-placed'
274,9,70,'2021-06-07 03:00:00','2021-07-22 03:00:00','2021-07-22 04:00:00','request-placed'
275,24,449,'2021-06-07 03:30:00','2021-07-22 03:30:00','2021-07-22 04:30:00','request-placed'
276,17,993,'2021-06-07 04:00:00','2021-07-22 04:00:00','2021-07-22 05:00:00','request-placed'
277,14,544,'2021-06-07 04:30:00','2021-07-22 04:30:00','2021-07-22 05:30:00','request-placed'
278,6,118,'2021-06-07 05:00:00','2021-07-22 05:00:00','2021-07-22 06:00:00','request-placed'
279,23,893,'2021-06-07 05:30:00','2021-07-22 05:30:00','2021-07-22 06:30:00','request-placed'
280,1,280,'2021-06-07 06:00:00','2021-07-22 06:00:00','2021-07-22 07:00:00','request-placed'
281,24,453,'2021-06-07 06:30:00','2021-07-22 06:30:00','2021-07-22 07:30:00','request-placed'
282,1,295,'2021-06-07 07:00:00','2021-07-22 07:00:00','2021-07-22 08:00:00','request-placed'
283,13,909,'2021-06-07 07:30:00','2021-07-22 07:30:00','2021-07-22 08:30:00','request-placed'
284,5,630,'2021-06-07 08:00:00','2021-07-22 08:00:00','2021-07-22 09:00:00','request-placed'
285,2,734,'2021-06-07 08:30:00','2021-07-22 08:30:00','2021-07-22 09:30:00','request-placed'
286,12,26,'2021-06-07 09:00:00','2021-07-22 09:00:00','2021-07-22 10:00:00','request-placed'
287,0,956,'2021-06-07 09:30:00','2021-07-22 09:30:00','2021-07-22 10:30:00','request-placed'
288,17,336,'2021-06-07 10:00:00','2021-07-22 10:00:00','2021-07-22 11:00:00','request-placed'
289,5,963,'2021-06-07 10:30:00','2021-07-22 10:30:00','2021-07-22 11:30:00','request-placed'
290,4,352,'2021-06-07 11:00:00','2021-07-22 11:00:00','2021-07-22 12:00:00','request-placed'
291,8,932,'2021-06-07 11:30:00','2021-07-22 11:30:00','2021-07-22 12:30:00','request-placed'
292,5,192,'2021-06-07 12:00:00','2021-07-22 12:00:00','2021-07-22 13:00:00','request-placed'
293,4,70,'2021-06-07 12:30:00','2021-07-22 12:30:00','2021-07-22 13:30:00','request-placed'
294,9,207,'2021-06-07 13:00:00','2021-07-22 13:00:00','2021-07-22 14:00:00','request-placed'
295,18,869,'2021-06-07 13:30:00','2021-07-22 13:30:00','2021-07-22 14:30:00','request-placed'
296,21,726,'2021-06-07 14:00:00','2021-07-22 14:00:00','2021-07-22 15:00:00','request-placed'
297,18,871,'2021-06-07 14:30:00','2021-07-22 14:30:00','2021-07-22 15:30:00','request-placed'
298,18,32,'2021-06-07 15:00:00','2021-07-22 15:00:00','2021-07-22 16:00:00','request-placed'
299,1,516,'2021-06-07 15:30:00','2021-07-22 15:30:00','2021-07-22 16:30:00','request-placed'
300,13,507,'2021-06-07 16:00:00','2021-07-22 16:00:00','2021-07-22 17:00:00','request-placed'
301,5,576,'2021-06-07 16:30:00','2021-07-22 16:30:00','2021-07-22 17:30:00','request-placed'
302,24,278,'2021-06-07 17:00:00','2021-07-22 17:00:00','2021-07-22 18:00:00','request-placed'
303,8,875,'2021-06-07 17:30:00','2021-07-22 17:30:00','2021-07-22 18:30:00','request-placed'
304,21,288,'2021-06-07 18:00:00','2021-07-22 18:00:00','2021-07-22 19:00:00','request-placed'
305,15,542,'2021-06-07 18:30:00','2021-07-22 18:30:00','2021-07-22 19:30:00','request-placed'
306,20,512,'2021-06-07 19:00:00','2021-07-22 19:00:00','2021-07-22 20:00:00','request-placed'
307,21,165,'2021-06-07 19:30:00','2021-07-22 19:30:00','2021-07-22 20:30:00','request-placed'
308,9,645,'2021-06-07 20:00:00','2021-07-22 20:00:00','2021-07-22 21:00:00','request-placed'
309,21,206,'2021-06-07 20:30:00','2021-07-22 20:30:00','2021-07-22 21:30:00','request-placed'
310,0,341,'2021-06-07 21:00:00','2021-07-22 21:00:00','2021-07-22 22:00:00','request-placed'
311,1,471,'2021-06-07 21:30:00','2021-07-22 21:30:00','2021-07-22 22:30:00','request-placed'
312,23,162,'2021-06-07 22:00:00','2021-07-22 22:00:00','2021-07-22 23:00:00','request-placed'
313,7,44,'2021-06-07 22:30:00','2021-07-22 22:30:00','2021-07-22 23:30:00','request-placed'
314,7,482,'2021-06-07 23:00:00','2021-07-22 23:00:00','2021-07-23 00:00:00','request-placed'
315,14,474,'2021-06-07 23:30:00','2021-07-22 23:30:00','2021-07-23 00:30:00','request-placed'
316,3,149,'2021-06-08 00:00:00','2021-07-23 00:00:00','2021-07-23 01:00:00','request-placed'
317,19,331,'2021-06-08 00:30:00','2021-07-23 00:30:00','2021-07-23 01:30:00','request-placed'
318,7,409,'2021-06-08 01:00:00','2021-07-23 01:00:00','2021-07-23 02:00:00','request-placed'
319,1,621,'2021-06-08 01:30:00','2021-07-23 01:30:00','2021-07-23 02:30:00','request-placed'
320,7,426,'2021-06-08 02:00:00','2021-07-23 02:00:00','2021-07-23 03:00:00','request-placed'
321,9,732,'2021-06-08 02:30:00','2021-07-23 02:30:00','2021-07-23 03:30:00','request-placed'
322,6,95,'2021-06-08 03:00:00','2021-07-23 03:00:00','2021-07-23 04:00:00','request-placed'
323,11,145,'2021-06-08 03:30:00','2021-07-23 03:30:00','2021-07-23 04:30:00','request-placed'
324,23,234,'2021-06-08 04:00:00','2021-07-23 04:00:00','2021-07-23 05:00:00','request-placed'
325,9,461,'2021-06-08 04:30:00','2021-07-23 04:30:00','2021-07-23 05:30:00','request-placed'
326,24,991,'2021-06-08 05:00:00','2021-07-23 05:00:00','2021-07-23 06:00:00','request-placed'
327,19,623,'2021-06-08 05:30:00','2021-07-23 05:30:00','2021-07-23 06:30:00','request-placed'
328,6,486,'2021-06-08 06:00:00','2021-07-23 06:00:00','2021-07-23 07:00:00','request-placed'
329,19,855,'2021-06-08 06:30:00','2021-07-23 06:30:00','2021-07-23 07:30:00','request-placed'
330,5,612,'2021-06-08 07:00:00','2021-07-23 07:00:00','2021-07-23 08:00:00','request-placed'
331,3,784,'2021-06-08 07:30:00','2021-07-23 07:30:00','2021-07-23 08:30:00','request-placed'
332,12,139,'2021-06-08 08:00:00','2021-07-23 08:00:00','2021-07-23 09:00:00','request-placed'
333,7,168,'2021-06-08 08:30:00','2021-07-23 08:30:00','2021-07-23 09:30:00','request-placed'
334,2,411,'2021-06-08 09:00:00','2021-07-23 09:00:00','2021-07-23 10:00:00','request-placed'
335,0,72,'2021-06-08 09:30:00','2021-07-23 09:30:00','2021-07-23 10:30:00','request-placed'
336,9,529,'2021-06-08 10:00:00','2021-07-23 10:00:00','2021-07-23 11:00:00','request-placed'
337,13,250,'2021-06-08 10:30:00','2021-07-23 10:30:00','2021-07-23 11:30:00','request-placed'
338,19,799,'2021-06-08 11:00:00','2021-07-23 11:00:00','2021-07-23 12:00:00','request-placed'
339,10,473,'2021-06-08 11:30:00','2021-07-23 11:30:00','2021-07-23 12:30:00','request-placed'
340,4,711,'2021-06-08 12:00:00','2021-07-23 12:00:00','2021-07-23 13:00:00','request-placed'
341,15,322,'2021-06-08 12:30:00','2021-07-23 12:30:00','2021-07-23 13:30:00','request-placed'
342,5,516,'2021-06-08 13:00:00','2021-07-23 13:00:00','2021-07-23 14:00:00','request-placed'
343,19,859,'2021-06-08 13:30:00','2021-07-23 13:30:00','2021-07-23 14:30:00','request-placed'
344,14,258,'2021-06-08 14:00:00','2021-07-23 14:00:00','2021-07-23 15:00:00','request-placed'
345,22,998,'2021-06-08 14:30:00','2021-07-23 14:30:00','2021-07-23 15:30:00','request-placed'
346,5,666,'2021-06-08 15:00:00','2021-07-23 15:00:00','2021-07-23 16:00:00','request-placed'
347,0,363,'2021-06-08 15:30:00','2021-07-23 15:30:00','2021-07-23 16:30:00','request-placed'
348,15,357,'2021-06-08 16:00:00','2021-07-23 16:00:00','2021-07-23 17:00:00','request-placed'
349,21,636,'2021-06-08 16:30:00','2021-07-23 16:30:00','2021-07-23 17:30:00','request-placed'
350,4,920,'2021-06-08 17:00:00','2021-07-23 17:00:00','2021-07-23 18:00:00','request-placed'
351,24,190,'2021-06-08 17:30:00','2021-07-23 17:30:00','2021-07-23 18:30:00','request-placed'
352,18,696,'2021-06-08 18:00:00','2021-07-23 18:00:00','2021-07-23 19:00:00','request-placed'
353,10,941,'2021-06-08 18:30:00','2021-07-23 18:30:00','2021-07-23 19:30:00','request-placed'
354,5,951,'2021-06-08 19:00:00','2021-07-23 19:00:00','2021-07-23 20:00:00','request-placed'
355,0,180,'2021-06-08 19:30:00','2021-07-23 19:30:00','2021-07-23 20:30:00','request-placed'
356,22,288,'2021-06-08 20:00:00','2021-07-23 20:00:00','2021-07-23 21:00:00','request-placed'
357,24,430,'2021-06-08 20:30:00','2021-07-23 20:30:00','2021-07-23 21:30:00','request-placed'
358,4,967,'2021-06-08 21:00:00','2021-07-23 21:00:00','2021-07-23 22:00:00','request-placed'
359,20,848,'2021-06-08 21:30:00','2021-07-23 21:30:00','2021-07-23 22:30:00','request-placed'
360,6,540,'2021-06-08 22:00:00','2021-07-23 22:00:00','2021-07-23 23:00:00','request-placed'
361,4,175,'2021-06-08 22:30:00','2021-07-23 22:30:00','2021-07-23 23:30:00','request-placed'
362,8,644,'2021-06-08 23:00:00','2021-07-23 23:00:00','2021-07-24 00:00:00','request-placed'
363,0,869,'2021-06-08 23:30:00','2021-07-23 23:30:00','2021-07-24 00:30:00','request-placed'
364,17,820,'2021-06-09 00:00:00','2021-07-24 00:00:00','2021-07-24 01:00:00','request-placed'
365,10,212,'2021-06-09 00:30:00','2021-07-24 00:30:00','2021-07-24 01:30:00','request-placed'
366,5,924,'2021-06-09 01:00:00','2021-07-24 01:00:00','2021-07-24 02:00:00','request-placed'
367,18,164,'2021-06-09 01:30:00','2021-07-24 01:30:00','2021-07-24 02:30:00','request-placed'
368,6,259,'2021-06-09 02:00:00','2021-07-24 02:00:00','2021-07-24 03:00:00','request-placed'
369,18,210,'2021-06-09 02:30:00','2021-07-24 02:30:00','2021-07-24 03:30:00','request-placed'
370,14,25,'2021-06-09 03:00:00','2021-07-24 03:00:00','2021-07-24 04:00:00','request-placed'
371,23,145,'2021-06-09 03:30:00','2021-07-24 03:30:00','2021-07-24 04:30:00','request-placed'
372,17,422,'2021-06-09 04:00:00','2021-07-24 04:00:00','2021-07-24 05:00:00','request-placed'
373,16,735,'2021-06-09 04:30:00','2021-07-24 04:30:00','2021-07-24 05:30:00','request-placed'
374,7,415,'2021-06-09 05:00:00','2021-07-24 05:00:00','2021-07-24 06:00:00','request-placed'
375,12,61,'2021-06-09 05:30:00','2021-07-24 05:30:00','2021-07-24 06:30:00','request-placed'
376,14,220,'2021-06-09 06:00:00','2021-07-24 06:00:00','2021-07-24 07:00:00','request-placed'
377,22,518,'2021-06-09 06:30:00','2021-07-24 06:30:00','2021-07-24 07:30:00','request-placed'
378,17,211,'2021-06-09 07:00:00','2021-07-24 07:00:00','2021-07-24 08:00:00','request-placed'
379,9,561,'2021-06-09 07:30:00','2021-07-24 07:30:00','2021-07-24 08:30:00','request-placed'
380,24,306,'2021-06-09 08:00:00','2021-07-24 08:00:00','2021-07-24 09:00:00','request-placed'
381,10,745,'2021-06-09 08:30:00','2021-07-24 08:30:00','2021-07-24 09:30:00','request-placed'
382,14,189,'2021-06-09 09:00:00','2021-07-24 09:00:00','2021-07-24 10:00:00','request-placed'
383,1,62,'2021-06-09 09:30:00','2021-07-24 09:30:00','2021-07-24 10:30:00','request-placed'
384,2,155,'2021-06-09 10:00:00','2021-07-24 10:00:00','2021-07-24 11:00:00','request-placed'
385,6,714,'2021-06-09 10:30:00','2021-07-24 10:30:00','2021-07-24 11:30:00','request-placed'
386,23,352,'2021-06-09 11:00:00','2021-07-24 11:00:00','2021-07-24 12:00:00','request-placed'
387,16,442,'2021-06-09 11:30:00','2021-07-24 11:30:00','2021-07-24 12:30:00','request-placed'
388,12,940,'2021-06-09 12:00:00','2021-07-24 12:00:00','2021-07-24 13:00:00','request-placed'
389,20,948,'2021-06-09 12:30:00','2021-07-24 12:30:00','2021-07-24 13:30:00','request-placed'
390,11,318,'2021-06-09 13:00:00','2021-07-24 13:00:00','2021-07-24 14:00:00','request-placed'
391,3,74,'2021-06-09 13:30:00','2021-07-24 13:30:00','2021-07-24 14:30:00','request-placed'
392,12,381,'2021-06-09 14:00:00','2021-07-24 14:00:00','2021-07-24 15:00:00','request-placed'
393,0,51,'2021-06-09 14:30:00','2021-07-24 14:30:00','2021-07-24 15:30:00','request-placed'
394,13,28,'2021-06-09 15:00:00','2021-07-24 15:00:00','2021-07-24 16:00:00','request-placed'
395,9,649,'2021-06-09 15:30:00','2021-07-24 15:30:00','2021-07-24 16:30:00','request-placed'
396,0,20,'2021-06-09 16:00:00','2021-07-24 16:00:00','2021-07-24 17:00:00','request-placed'
397,14,798,'2021-06-09 16:30:00','2021-07-24 16:30:00','2021-07-24 17:30:00','request-placed'
398,11,143,'2021-06-09 17:00:00','2021-07-24 17:00:00','2021-07-24 18:00:00','request-placed'
399,2,756,'2021-06-09 17:30:00','2021-07-24 17:30:00','2021-07-24 18:30:00','request-placed'
400,11,35,'2021-06-09 18:00:00','2021-07-24 18:00:00','2021-07-24 19:00:00','request-placed'
401,12,953,'2021-06-09 18:30:00','2021-07-24 18:30:00','2021-07-24 19:30:00','request-placed'
402,21,473,'2021-06-09 19:00:00','2021-07-24 19:00:00','2021-07-24 20:00:00','request-placed'
403,23,372,'2021-06-09 19:30:00','2021-07-24 19:30:00','2021-07-24 20:30:00','request-placed'
404,1,229,'2021-06-09 20:00:00','2021-07-24 20:00:00','2021-07-24 21:00:00','request-placed'
405,8,478,'2021-06-09 20:30:00','2021-07-24 20:30:00','2021-07-24 21:30:00','request-placed'
406,12,417,'2021-06-09 21:00:00','2021-07-24 21:00:00','2021-07-24 22:00:00','request-placed'
407,9,375,'2021-06-09 21:30:00','2021-07-24 21:30:00','2021-07-24 22:30:00','request-placed'
408,9,188,'2021-06-09 22:00:00','2021-07-24 22:00:00','2021-07-24 23:00:00','request-placed'
409,3,517,'2021-06-09 22:30:00','2021-07-24 22:30:00','2021-07-24 23:30:00','request-placed'
410,4,185,'2021-06-09 23:00:00','2021-07-24 23:00:00','2021-07-25 00:00:00','request-placed'
411,7,953,'2021-06-09 23:30:00','2021-07-24 23:30:00','2021-07-25 00:30:00','request-placed'
412,5,687,'2021-06-10 00:00:00','2021-07-25 00:00:00','2021-07-25 01:00:00','request-placed'
413,4,675,'2021-06-10 00:30:00','2021-07-25 00:30:00','2021-07-25 01:30:00','request-placed'
414,14,318,'2021-06-10 01:00:00','2021-07-25 01:00:00','2021-07-25 02:00:00','request-placed'
415,2,135,'2021-06-10 01:30:00','2021-07-25 01:30:00','2021-07-25 02:30:00','request-placed'
416,1,484,'2021-06-10 02:00:00','2021-07-25 02:00:00','2021-07-25 03:00:00','request-placed'
417,24,809,'2021-06-10 02:30:00','2021-07-25 02:30:00','2021-07-25 03:30:00','request-placed'
418,1,660,'2021-06-10 03:00:00','2021-07-25 03:00:00','2021-07-25 04:00:00','request-placed'
419,22,552,'2021-06-10 03:30:00','2021-07-25 03:30:00','2021-07-25 04:30:00','request-placed'
420,2,826,'2021-06-10 04:00:00','2021-07-25 04:00:00','2021-07-25 05:00:00','request-placed'
421,15,347,'2021-06-10 04:30:00','2021-07-25 04:30:00','2021-07-25 05:30:00','request-placed'
422,21,993,'2021-06-10 05:00:00','2021-07-25 05:00:00','2021-07-25 06:00:00','request-placed'
423,11,335,'2021-06-10 05:30:00','2021-07-25 05:30:00','2021-07-25 06:30:00','request-placed'
424,1,984,'2021-06-10 06:00:00','2021-07-25 06:00:00','2021-07-25 07:00:00','request-placed'
425,5,400,'2021-06-10 06:30:00','2021-07-25 06:30:00','2021-07-25 07:30:00','request-placed'
426,3,383,'2021-06-10 07:00:00','2021-07-25 07:00:00','2021-07-25 08:00:00','request-placed'
427,3,633,'2021-06-10 07:30:00','2021-07-25 07:30:00','2021-07-25 08:30:00','request-placed'
428,7,160,'2021-06-10 08:00:00','2021-07-25 08:00:00','2021-07-25 09:00:00','request-placed'
429,9,993,'2021-06-10 08:30:00','2021-07-25 08:30:00','2021-07-25 09:30:00','request-placed'
430,3,832,'2021-06-10 09:00:00','2021-07-25 09:00:00','2021-07-25 10:00:00','request-placed'
431,14,206,'2021-06-10 09:30:00','2021-07-25 09:30:00','2021-07-25 10:30:00','request-placed'
432,6,751,'2021-06-10 10:00:00','2021-07-25 10:00:00','2021-07-25 11:00:00','request-placed'
433,21,139,'2021-06-10 10:30:00','2021-07-25 10:30:00','2021-07-25 11:30:00','request-placed'
434,5,754,'2021-06-10 11:00:00','2021-07-25 11:00:00','2021-07-25 12:00:00','request-placed'
435,16,643,'2021-06-10 11:30:00','2021-07-25 11:30:00','2021-07-25 12:30:00','request-placed'
436,18,525,'2021-06-10 12:00:00','2021-07-25 12:00:00','2021-07-25 13:00:00','request-placed'
437,8,364,'2021-06-10 12:30:00','2021-07-25 12:30:00','2021-07-25 13:30:00','request-placed'
438,24,93,'2021-06-10 13:00:00','2021-07-25 13:00:00','2021-07-25 14:00:00','request-placed'
439,21,981,'2021-06-10 13:30:00','2021-07-25 13:30:00','2021-07-25 14:30:00','request-placed'
440,12,862,'2021-06-10 14:00:00','2021-07-25 14:00:00','2021-07-25 15:00:00','request-placed'
441,4,342,'2021-06-10 14:30:00','2021-07-25 14:30:00','2021-07-25 15:30:00','request-placed'
442,24,766,'2021-06-10 15:00:00','2021-07-25 15:00:00','2021-07-25 16:00:00','request-placed'
443,24,189,'2021-06-10 15:30:00','2021-07-25 15:30:00','2021-07-25 16:30:00','request-placed'
444,6,881,'2021-06-10 16:00:00','2021-07-25 16:00:00','2021-07-25 17:00:00','request-placed'
445,17,252,'2021-06-10 16:30:00','2021-07-25 16:30:00','2021-07-25 17:30:00','request-placed'
446,3,940,'2021-06-10 17:00:00','2021-07-25 17:00:00','2021-07-25 18:00:00','request-placed'
447,24,371,'2021-06-10 17:30:00','2021-07-25 17:30:00','2021-07-25 18:30:00','request-placed'
448,1,155,'2021-06-10 18:00:00','2021-07-25 18:00:00','2021-07-25 19:00:00','request-placed'
449,17,849,'2021-06-10 18:30:00','2021-07-25 18:30:00','2021-07-25 19:30:00','request-placed'
450,23,165,'2021-06-10 19:00:00','2021-07-25 19:00:00','2021-07-25 20:00:00','request-placed'
451,14,442,'2021-06-10 19:30:00','2021-07-25 19:30:00','2021-07-25 20:30:00','request-placed'
452,11,445,'2021-06-10 20:00:00','2021-07-25 20:00:00','2021-07-25 21:00:00','request-placed'
453,3,760,'2021-06-10 20:30:00','2021-07-25 20:30:00','2021-07-25 21:30:00','request-placed'
454,14,445,'2021-06-10 21:00:00','2021-07-25 21:00:00','2021-07-25 22:00:00','request-placed'
455,6,607,'2021-06-10 21:30:00','2021-07-25 21:30:00','2021-07-25 22:30:00','request-placed'
456,9,43,'2021-06-10 22:00:00','2021-07-25 22:00:00','2021-07-25 23:00:00','request-placed'
457,14,663,'2021-06-10 22:30:00','2021-07-25 22:30:00','2021-07-25 23:30:00','request-placed'
458,18,980,'2021-06-10 23:00:00','2021-07-25 23:00:00','2021-07-26 00:00:00','request-placed'
459,13,733,'2021-06-10 23:30:00','2021-07-25 23:30:00','2021-07-26 00:30:00','request-placed'
460,1,471,'2021-06-11 00:00:00','2021-07-26 00:00:00','2021-07-26 01:00:00','request-placed'
461,16,415,'2021-06-11 00:30:00','2021-07-26 00:30:00','2021-07-26 01:30:00','request-placed'
462,9,103,'2021-06-11 01:00:00','2021-07-26 01:00:00','2021-07-26 02:00:00','request-placed'
463,18,578,'2021-06-11 01:30:00','2021-07-26 01:30:00','2021-07-26 02:30:00','request-placed'
464,5,502,'2021-06-11 02:00:00','2021-07-26 02:00:00','2021-07-26 03:00:00','request-placed'
465,15,193,'2021-06-11 02:30:00','2021-07-26 02:30:00','2021-07-26 03:30:00','request-placed'
466,5,266,'2021-06-11 03:00:00','2021-07-26 03:00:00','2021-07-26 04:00:00','request-placed'
467,20,923,'2021-06-11 03:30:00','2021-07-26 03:30:00','2021-07-26 04:30:00','request-placed'
468,13,937,'2021-06-11 04:00:00','2021-07-26 04:00:00','2021-07-26 05:00:00','request-placed'
469,13,650,'2021-06-11 04:30:00','2021-07-26 04:30:00','2021-07-26 05:30:00','request-placed'
470,2,997,'2021-06-11 05:00:00','2021-07-26 05:00:00','2021-07-26 06:00:00','request-placed'
471,24,599,'2021-06-11 05:30:00','2021-07-26 05:30:00','2021-07-26 06:30:00','request-placed'
472,8,281,'2021-06-11 06:00:00','2021-07-26 06:00:00','2021-07-26 07:00:00','request-placed'
473,0,652,'2021-06-11 06:30:00','2021-07-26 06:30:00','2021-07-26 07:30:00','request-placed'
474,19,339,'2021-06-11 07:00:00','2021-07-26 07:00:00','2021-07-26 08:00:00','request-placed'
475,19,33,'2021-06-11 07:30:00','2021-07-26 07:30:00','2021-07-26 08:30:00','request-placed'
476,3,404,'2021-06-11 08:00:00','2021-07-26 08:00:00','2021-07-26 09:00:00','request-placed'
477,21,784,'2021-06-11 08:30:00','2021-07-26 08:30:00','2021-07-26 09:30:00','request-placed'
478,14,448,'2021-06-11 09:00:00','2021-07-26 09:00:00','2021-07-26 10:00:00','request-placed'
479,17,469,'2021-06-11 09:30:00','2021-07-26 09:30:00','2021-07-26 10:30:00','request-placed'
480,11,792,'2021-06-11 10:00:00','2021-07-26 10:00:00','2021-07-26 11:00:00','request-placed'
481,3,545,'2021-06-11 10:30:00','2021-07-26 10:30:00','2021-07-26 11:30:00','request-placed'
482,10,607,'2021-06-11 11:00:00','2021-07-26 11:00:00','2021-07-26 12:00:00','request-placed'
483,5,951,'2021-06-11 11:30:00','2021-07-26 11:30:00','2021-07-26 12:30:00','request-placed'
484,19,941,'2021-06-11 12:00:00','2021-07-26 12:00:00','2021-07-26 13:00:00','request-placed'
485,8,863,'2021-06-11 12:30:00','2021-07-26 12:30:00','2021-07-26 13:30:00','request-placed'
486,24,38,'2021-06-11 13:00:00','2021-07-26 13:00:00','2021-07-26 14:00:00','request-placed'
487,10,616,'2021-06-11 13:30:00','2021-07-26 13:30:00','2021-07-26 14:30:00','request-placed'
488,2,975,'2021-06-11 14:00:00','2021-07-26 14:00:00','2021-07-26 15:00:00','request-placed'
489,24,631,'2021-06-11 14:30:00','2021-07-26 14:30:00','2021-07-26 15:30:00','request-placed'
490,10,55,'2021-06-11 15:00:00','2021-07-26 15:00:00','2021-07-26 16:00:00','request-placed'
491,9,703,'2021-06-11 15:30:00','2021-07-26 15:30:00','2021-07-26 16:30:00','request-placed'
492,21,219,'2021-06-11 16:00:00','2021-07-26 16:00:00','2021-07-26 17:00:00','request-placed'
493,21,327,'2021-06-11 16:30:00','2021-07-26 16:30:00','2021-07-26 17:30:00','request-placed'
494,21,327,'2021-06-11 17:00:00','2021-07-26 17:00:00','2021-07-26 18:00:00','request-placed'
495,15,154,'2021-06-11 17:30:00','2021-07-26 17:30:00','2021-07-26 18:30:00','request-placed'
496,0,481,'2021-06-11 18:00:00','2021-07-26 18:00:00','2021-07-26 19:00:00','request-placed'
497,8,283,'2021-06-11 18:30:00','2021-07-26 18:30:00','2021-07-26 19:30:00','request-placed'
498,21,911,'2021-06-11 19:00:00','2021-07-26 19:00:00','2021-07-26 20:00:00','request-placed'
499,11,534,'2021-06-11 19:30:00','2021-07-26 19:30:00','2021-07-26 20:30:00','request-placed'
500,8,262,'2021-06-11 20:00:00','2021-07-26 20:00:00','2021-07-26 21:00:00','request-placed'
501,14,809,'2021-06-11 20:30:00','2021-07-26 20:30:00','2021-07-26 21:30:00','request-placed'
502,0,393,'2021-06-11 21:00:00','2021-07-26 21:00:00','2021-07-26 22:00:00','request-placed'
503,0,601,'2021-06-11 21:30:00','2021-07-26 21:30:00','2021-07-26 22:30:00','request-placed'
504,7,744,'2021-06-11 22:00:00','2021-07-26 22:00:00','2021-07-26 23:00:00','request-placed'
505,2,949,'2021-06-11 22:30:00','2021-07-26 22:30:00','2021-07-26 23:30:00','request-placed'
506,11,120,'2021-06-11 23:00:00','2021-07-26 23:00:00','2021-07-27 00:00:00','request-placed'
507,0,561,'2021-06-11 23:30:00','2021-07-26 23:30:00','2021-07-27 00:30:00','request-placed'
508,22,909,'2021-06-12 00:00:00','2021-07-27 00:00:00','2021-07-27 01:00:00','request-placed'
509,0,724,'2021-06-12 00:30:00','2021-07-27 00:30:00','2021-07-27 01:30:00','request-placed'
510,16,16,'2021-06-12 01:00:00','2021-07-27 01:00:00','2021-07-27 02:00:00','request-placed'
511,18,913,'2021-06-12 01:30:00','2021-07-27 01:30:00','2021-07-27 02:30:00','request-placed'
512,11,904,'2021-06-12 02:00:00','2021-07-27 02:00:00','2021-07-27 03:00:00','request-placed'
513,24,243,'2021-06-12 02:30:00','2021-07-27 02:30:00','2021-07-27 03:30:00','request-placed'
514,17,673,'2021-06-12 03:00:00','2021-07-27 03:00:00','2021-07-27 04:00:00','request-placed'
515,6,656,'2021-06-12 03:30:00','2021-07-27 03:30:00','2021-07-27 04:30:00','request-placed'
516,5,414,'2021-06-12 04:00:00','2021-07-27 04:00:00','2021-07-27 05:00:00','request-placed'
517,15,69,'2021-06-12 04:30:00','2021-07-27 04:30:00','2021-07-27 05:30:00','request-placed'
518,0,724,'2021-06-12 05:00:00','2021-07-27 05:00:00','2021-07-27 06:00:00','request-placed'
519,9,234,'2021-06-12 05:30:00','2021-07-27 05:30:00','2021-07-27 06:30:00','request-placed'
520,22,297,'2021-06-12 06:00:00','2021-07-27 06:00:00','2021-07-27 07:00:00','request-placed'
521,0,407,'2021-06-12 06:30:00','2021-07-27 06:30:00','2021-07-27 07:30:00','request-placed'
522,24,609,'2021-06-12 07:00:00','2021-07-27 07:00:00','2021-07-27 08:00:00','request-placed'
523,3,313,'2021-06-12 07:30:00','2021-07-27 07:30:00','2021-07-27 08:30:00','request-placed'
524,0,978,'2021-06-12 08:00:00','2021-07-27 08:00:00','2021-07-27 09:00:00','request-placed'
525,0,860,'2021-06-12 08:30:00','2021-07-27 08:30:00','2021-07-27 09:30:00','request-placed'
526,24,264,'2021-06-12 09:00:00','2021-07-27 09:00:00','2021-07-27 10:00:00','request-placed'
527,16,536,'2021-06-12 09:30:00','2021-07-27 09:30:00','2021-07-27 10:30:00','request-placed'
528,24,233,'2021-06-12 10:00:00','2021-07-27 10:00:00','2021-07-27 11:00:00','request-placed'
529,20,938,'2021-06-12 10:30:00','2021-07-27 10:30:00','2021-07-27 11:30:00','request-placed'
530,21,656,'2021-06-12 11:00:00','2021-07-27 11:00:00','2021-07-27 12:00:00','request-placed'
531,8,417,'2021-06-12 11:30:00','2021-07-27 11:30:00','2021-07-27 12:30:00','request-placed'
532,17,693,'2021-06-12 12:00:00','2021-07-27 12:00:00','2021-07-27 13:00:00','request-placed'
533,11,661,'2021-06-12 12:30:00','2021-07-27 12:30:00','2021-07-27 13:30:00','request-placed'
534,2,361,'2021-06-12 13:00:00','2021-07-27 13:00:00','2021-07-27 14:00:00','request-placed'
535,19,851,'2021-06-12 13:30:00','2021-07-27 13:30:00','2021-07-27 14:30:00','request-placed'
536,9,206,'2021-06-12 14:00:00','2021-07-27 14:00:00','2021-07-27 15:00:00','request-placed'
537,6,81,'2021-06-12 14:30:00','2021-07-27 14:30:00','2021-07-27 15:30:00','request-placed'
538,13,802,'2021-06-12 15:00:00','2021-07-27 15:00:00','2021-07-27 16:00:00','request-placed'
539,6,456,'2021-06-12 15:30:00','2021-07-27 15:30:00','2021-07-27 16:30:00','request-placed'
540,16,318,'2021-06-12 16:00:00','2021-07-27 16:00:00','2021-07-27 17:00:00','request-placed'
541,11,320,'2021-06-12 16:30:00','2021-07-27 16:30:00','2021-07-27 17:30:00','request-placed'
542,4,729,'2021-06-12 17:00:00','2021-07-27 17:00:00','2021-07-27 18:00:00','request-placed'
543,8,725,'2021-06-12 17:30:00','2021-07-27 17:30:00','2021-07-27 18:30:00','request-placed'
544,11,859,'2021-06-12 18:00:00','2021-07-27 18:00:00','2021-07-27 19:00:00','request-placed'
545,2,272,'2021-06-12 18:30:00','2021-07-27 18:30:00','2021-07-27 19:30:00','request-placed'
546,1,547,'2021-06-12 19:00:00','2021-07-27 19:00:00','2021-07-27 20:00:00','request-placed'
547,22,340,'2021-06-12 19:30:00','2021-07-27 19:30:00','2021-07-27 20:30:00','request-placed'
548,15,322,'2021-06-12 20:00:00','2021-07-27 20:00:00','2021-07-27 21:00:00','request-placed'
549,7,532,'2021-06-12 20:30:00','2021-07-27 20:30:00','2021-07-27 21:30:00','request-placed'
550,24,410,'2021-06-12 21:00:00','2021-07-27 21:00:00','2021-07-27 22:00:00','request-placed'
551,8,520,'2021-06-12 21:30:00','2021-07-27 21:30:00','2021-07-27 22:30:00','request-placed'
552,0,594,'2021-06-12 22:00:00','2021-07-27 22:00:00','2021-07-27 23:00:00','request-placed'
553,23,731,'2021-06-12 22:30:00','2021-07-27 22:30:00','2021-07-27 23:30:00','request-placed'
554,13,894,'2021-06-12 23:00:00','2021-07-27 23:00:00','2021-07-28 00:00:00','request-placed'
555,3,129,'2021-06-12 23:30:00','2021-07-27 23:30:00','2021-07-28 00:30:00','request-placed'
556,0,247,'2021-06-13 00:00:00','2021-07-28 00:00:00','2021-07-28 01:00:00','request-placed'
557,22,345,'2021-06-13 00:30:00','2021-07-28 00:30:00','2021-07-28 01:30:00','request-placed'
558,20,833,'2021-06-13 01:00:00','2021-07-28 01:00:00','2021-07-28 02:00:00','request-placed'
559,17,214,'2021-06-13 01:30:00','2021-07-28 01:30:00','2021-07-28 02:30:00','request-placed'
560,18,104,'2021-06-13 02:00:00','2021-07-28 02:00:00','2021-07-28 03:00:00','request-placed'
561,10,173,'2021-06-13 02:30:00','2021-07-28 02:30:00','2021-07-28 03:30:00','request-placed'
562,4,136,'2021-06-13 03:00:00','2021-07-28 03:00:00','2021-07-28 04:00:00','request-placed'
563,8,327,'2021-06-13 03:30:00','2021-07-28 03:30:00','2021-07-28 04:30:00','request-placed'
564,3,697,'2021-06-13 04:00:00','2021-07-28 04:00:00','2021-07-28 05:00:00','request-placed'
565,20,255,'2021-06-13 04:30:00','2021-07-28 04:30:00','2021-07-28 05:30:00','request-placed'
566,11,620,'2021-06-13 05:00:00','2021-07-28 05:00:00','2021-07-28 06:00:00','request-placed'
567,8,641,'2021-06-13 05:30:00','2021-07-28 05:30:00','2021-07-28 06:30:00','request-placed'
568,13,196,'2021-06-13 06:00:00','2021-07-28 06:00:00','2021-07-28 07:00:00','request-placed'
569,2,899,'2021-06-13 06:30:00','2021-07-28 06:30:00','2021-07-28 07:30:00','request-placed'
570,19,64,'2021-06-13 07:00:00','2021-07-28 07:00:00','2021-07-28 08:00:00','request-placed'
571,12,883,'2021-06-13 07:30:00','2021-07-28 07:30:00','2021-07-28 08:30:00','request-placed'
572,8,974,'2021-06-13 08:00:00','2021-07-28 08:00:00','2021-07-28 09:00:00','request-placed'
573,12,854,'2021-06-13 08:30:00','2021-07-28 08:30:00','2021-07-28 09:30:00','request-placed'
574,24,613,'2021-06-13 09:00:00','2021-07-28 09:00:00','2021-07-28 10:00:00','request-placed'
575,3,76,'2021-06-13 09:30:00','2021-07-28 09:30:00','2021-07-28 10:30:00','request-placed'
576,4,674,'2021-06-13 10:00:00','2021-07-28 10:00:00','2021-07-28 11:00:00','request-placed'
577,16,450,'2021-06-13 10:30:00','2021-07-28 10:30:00','2021-07-28 11:30:00','request-placed'
578,6,445,'2021-06-13 11:00:00','2021-07-28 11:00:00','2021-07-28 12:00:00','request-placed'
579,5,658,'2021-06-13 11:30:00','2021-07-28 11:30:00','2021-07-28 12:30:00','request-placed'
580,7,922,'2021-06-13 12:00:00','2021-07-28 12:00:00','2021-07-28 13:00:00','request-placed'
581,17,815,'2021-06-13 12:30:00','2021-07-28 12:30:00','2021-07-28 13:30:00','request-placed'
582,5,608,'2021-06-13 13:00:00','2021-07-28 13:00:00','2021-07-28 14:00:00','request-placed'
583,16,438,'2021-06-13 13:30:00','2021-07-28 13:30:00','2021-07-28 14:30:00','request-placed'
584,18,331,'2021-06-13 14:00:00','2021-07-28 14:00:00','2021-07-28 15:00:00','request-placed'
585,10,26,'2021-06-13 14:30:00','2021-07-28 14:30:00','2021-07-28 15:30:00','request-placed'
586,7,90,'2021-06-13 15:00:00','2021-07-28 15:00:00','2021-07-28 16:00:00','request-placed'
587,21,911,'2021-06-13 15:30:00','2021-07-28 15:30:00','2021-07-28 16:30:00','request-placed'
588,4,627,'2021-06-13 16:00:00','2021-07-28 16:00:00','2021-07-28 17:00:00','request-placed'
589,17,309,'2021-06-13 16:30:00','2021-07-28 16:30:00','2021-07-28 17:30:00','request-placed'
590,1,537,'2021-06-13 17:00:00','2021-07-28 17:00:00','2021-07-28 18:00:00','request-placed'
591,16,461,'2021-06-13 17:30:00','2021-07-28 17:30:00','2021-07-28 18:30:00','request-placed'
592,3,274,'2021-06-13 18:00:00','2021-07-28 18:00:00','2021-07-28 19:00:00','request-placed'
593,14,337,'2021-06-13 18:30:00','2021-07-28 18:30:00','2021-07-28 19:30:00','request-placed'
594,15,197,'2021-06-13 19:00:00','2021-07-28 19:00:00','2021-07-28 20:00:00','request-placed'
595,14,204,'2021-06-13 19:30:00','2021-07-28 19:30:00','2021-07-28 20:30:00','request-placed'
596,24,894,'2021-06-13 20:00:00','2021-07-28 20:00:00','2021-07-28 21:00:00','request-placed'
597,11,106,'2021-06-13 20:30:00','2021-07-28 20:30:00','2021-07-28 21:30:00','request-placed'
598,5,275,'2021-06-13 21:00:00','2021-07-28 21:00:00','2021-07-28 22:00:00','request-placed'
599,8,559,'2021-06-13 21:30:00','2021-07-28 21:30:00','2021-07-28 22:30:00','request-placed'
600,19,514,'2021-06-13 22:00:00','2021-07-28 22:00:00','2021-07-28 23:00:00','request-placed'
601,18,753,'2021-06-13 22:30:00','2021-07-28 22:30:00','2021-07-28 23:30:00','request-placed'
602,22,245,'2021-06-13 23:00:00','2021-07-28 23:00:00','2021-07-29 00:00:00','request-placed'
603,16,548,'2021-06-13 23:30:00','2021-07-28 23:30:00','2021-07-29 00:30:00','request-placed'
604,17,574,'2021-06-14 00:00:00','2021-07-29 00:00:00','2021-07-29 01:00:00','request-placed'
605,11,388,'2021-06-14 00:30:00','2021-07-29 00:30:00','2021-07-29 01:30:00','request-placed'
606,3,674,'2021-06-14 01:00:00','2021-07-29 01:00:00','2021-07-29 02:00:00','request-placed'
607,15,526,'2021-06-14 01:30:00','2021-07-29 01:30:00','2021-07-29 02:30:00','request-placed'
608,17,937,'2021-06-14 02:00:00','2021-07-29 02:00:00','2021-07-29 03:00:00','request-placed'
609,17,823,'2021-06-14 02:30:00','2021-07-29 02:30:00','2021-07-29 03:30:00','request-placed'
610,1,346,'2021-06-14 03:00:00','2021-07-29 03:00:00','2021-07-29 04:00:00','request-placed'
611,10,163,'2021-06-14 03:30:00','2021-07-29 03:30:00','2021-07-29 04:30:00','request-placed'
612,5,502,'2021-06-14 04:00:00','2021-07-29 04:00:00','2021-07-29 05:00:00','request-placed'
613,3,889,'2021-06-14 04:30:00','2021-07-29 04:30:00','2021-07-29 05:30:00','request-placed'
614,9,92,'2021-06-14 05:00:00','2021-07-29 05:00:00','2021-07-29 06:00:00','request-placed'
615,8,690,'2021-06-14 05:30:00','2021-07-29 05:30:00','2021-07-29 06:30:00','request-placed'
616,18,681,'2021-06-14 06:00:00','2021-07-29 06:00:00','2021-07-29 07:00:00','request-placed'
617,16,367,'2021-06-14 06:30:00','2021-07-29 06:30:00','2021-07-29 07:30:00','request-placed'
618,10,491,'2021-06-14 07:00:00','2021-07-29 07:00:00','2021-07-29 08:00:00','request-placed'
619,6,738,'2021-06-14 07:30:00','2021-07-29 07:30:00','2021-07-29 08:30:00','request-placed'
620,8,525,'2021-06-14 08:00:00','2021-07-29 08:00:00','2021-07-29 09:00:00','request-placed'
621,21,22,'2021-06-14 08:30:00','2021-07-29 08:30:00','2021-07-29 09:30:00','request-placed'
622,5,612,'2021-06-14 09:00:00','2021-07-29 09:00:00','2021-07-29 10:00:00','request-placed'
623,4,490,'2021-06-14 09:30:00','2021-07-29 09:30:00','2021-07-29 10:30:00','request-placed'
624,4,683,'2021-06-14 10:00:00','2021-07-29 10:00:00','2021-07-29 11:00:00','request-placed'
625,3,349,'2021-06-14 10:30:00','2021-07-29 10:30:00','2021-07-29 11:30:00','request-placed'
626,3,181,'2021-06-14 11:00:00','2021-07-29 11:00:00','2021-07-29 12:00:00','request-placed'
627,23,766,'2021-06-14 11:30:00','2021-07-29 11:30:00','2021-07-29 12:30:00','request-placed'
628,19,336,'2021-06-14 12:00:00','2021-07-29 12:00:00','2021-07-29 13:00:00','request-placed'
629,18,470,'2021-06-14 12:30:00','2021-07-29 12:30:00','2021-07-29 13:30:00','request-placed'
630,3,699,'2021-06-14 13:00:00','2021-07-29 13:00:00','2021-07-29 14:00:00','request-placed'
631,10,100,'2021-06-14 13:30:00','2021-07-29 13:30:00','2021-07-29 14:30:00','request-placed'
632,23,879,'2021-06-14 14:00:00','2021-07-29 14:00:00','2021-07-29 15:00:00','request-placed'
633,12,511,'2021-06-14 14:30:00','2021-07-29 14:30:00','2021-07-29 15:30:00','request-placed'
634,13,484,'2021-06-14 15:00:00','2021-07-29 15:00:00','2021-07-29 16:00:00','request-placed'
635,1,803,'2021-06-14 15:30:00','2021-07-29 15:30:00','2021-07-29 16:30:00','request-placed'
636,12,776,'2021-06-14 16:00:00','2021-07-29 16:00:00','2021-07-29 17:00:00','request-placed'
637,15,753,'2021-06-14 16:30:00','2021-07-29 16:30:00','2021-07-29 17:30:00','request-placed'
638,1,159,'2021-06-14 17:00:00','2021-07-29 17:00:00','2021-07-29 18:00:00','request-placed'
639,16,621,'2021-06-14 17:30:00','2021-07-29 17:30:00','2021-07-29 18:30:00','request-placed'
640,23,869,'2021-06-14 18:00:00','2021-07-29 18:00:00','2021-07-29 19:00:00','request-placed'
641,12,123,'2021-06-14 18:30:00','2021-07-29 18:30:00','2021-07-29 19:30:00','request-placed'
642,23,450,'2021-06-14 19:00:00','2021-07-29 19:00:00','2021-07-29 20:00:00','request-placed'
643,18,747,'2021-06-14 19:30:00','2021-07-29 19:30:00','2021-07-29 20:30:00','request-placed'
644,14,687,'2021-06-14 20:00:00','2021-07-29 20:00:00','2021-07-29 21:00:00','request-placed'
645,17,56,'2021-06-14 20:30:00','2021-07-29 20:30:00','2021-07-29 21:30:00','request-placed'
646,11,52,'2021-06-14 21:00:00','2021-07-29 21:00:00','2021-07-29 22:00:00','request-placed'
647,11,166,'2021-06-14 21:30:00','2021-07-29 21:30:00','2021-07-29 22:30:00','request-placed'
648,2,726,'2021-06-14 22:00:00','2021-07-29 22:00:00','2021-07-29 23:00:00','request-placed'
649,11,268,'2021-06-14 22:30:00','2021-07-29 22:30:00','2021-07-29 23:30:00','request-placed'
650,12,343,'2021-06-14 23:00:00','2021-07-29 23:00:00','2021-07-30 00:00:00','request-placed'
651,3,240,'2021-06-14 23:30:00','2021-07-29 23:30:00','2021-07-30 00:30:00','request-placed'
652,21,924,'2021-06-15 00:00:00','2021-07-30 00:00:00','2021-07-30 01:00:00','request-placed'
653,12,235,'2021-06-15 00:30:00','2021-07-30 00:30:00','2021-07-30 01:30:00','request-placed'
654,17,326,'2021-06-15 01:00:00','2021-07-30 01:00:00','2021-07-30 02:00:00','request-placed'
655,13,897,'2021-06-15 01:30:00','2021-07-30 01:30:00','2021-07-30 02:30:00','request-placed'
656,6,876,'2021-06-15 02:00:00','2021-07-30 02:00:00','2021-07-30 03:00:00','request-placed'
657,12,691,'2021-06-15 02:30:00','2021-07-30 02:30:00','2021-07-30 03:30:00','request-placed'
658,11,855,'2021-06-15 03:00:00','2021-07-30 03:00:00','2021-07-30 04:00:00','request-placed'
659,17,209,'2021-06-15 03:30:00','2021-07-30 03:30:00','2021-07-30 04:30:00','request-placed'
660,1,131,'2021-06-15 04:00:00','2021-07-30 04:00:00','2021-07-30 05:00:00','request-placed'
661,20,121,'2021-06-15 04:30:00','2021-07-30 04:30:00','2021-07-30 05:30:00','request-placed'
662,14,871,'2021-06-15 05:00:00','2021-07-30 05:00:00','2021-07-30 06:00:00','request-placed'
663,8,331,'2021-06-15 05:30:00','2021-07-30 05:30:00','2021-07-30 06:30:00','request-placed'
664,10,395,'2021-06-15 06:00:00','2021-07-30 06:00:00','2021-07-30 07:00:00','request-placed'
665,20,561,'2021-06-15 06:30:00','2021-07-30 06:30:00','2021-07-30 07:30:00','request-placed'
666,9,17,'2021-06-15 07:00:00','2021-07-30 07:00:00','2021-07-30 08:00:00','request-placed'
667,17,69,'2021-06-15 07:30:00','2021-07-30 07:30:00','2021-07-30 08:30:00','request-placed'
668,22,74,'2021-06-15 08:00:00','2021-07-30 08:00:00','2021-07-30 09:00:00','request-placed'
669,20,127,'2021-06-15 08:30:00','2021-07-30 08:30:00','2021-07-30 09:30:00','request-placed'
670,10,316,'2021-06-15 09:00:00','2021-07-30 09:00:00','2021-07-30 10:00:00','request-placed'
671,23,168,'2021-06-15 09:30:00','2021-07-30 09:30:00','2021-07-30 10:30:00','request-placed'
672,16,726,'2021-06-15 10:00:00','2021-07-30 10:00:00','2021-07-30 11:00:00','request-placed'
673,7,859,'2021-06-15 10:30:00','2021-07-30 10:30:00','2021-07-30 11:30:00','request-placed'
674,10,652,'2021-06-15 11:00:00','2021-07-30 11:00:00','2021-07-30 12:00:00','request-placed'
675,17,764,'2021-06-15 11:30:00','2021-07-30 11:30:00','2021-07-30 12:30:00','request-placed'
676,22,956,'2021-06-15 12:00:00','2021-07-30 12:00:00','2021-07-30 13:00:00','request-placed'
677,15,549,'2021-06-15 12:30:00','2021-07-30 12:30:00','2021-07-30 13:30:00','request-placed'
678,22,799,'2021-06-15 13:00:00','2021-07-30 13:00:00','2021-07-30 14:00:00','request-placed'
679,3,102,'2021-06-15 13:30:00','2021-07-30 13:30:00','2021-07-30 14:30:00','request-placed'
680,18,805,'2021-06-15 14:00:00','2021-07-30 14:00:00','2021-07-30 15:00:00','request-placed'
681,5,956,'2021-06-15 14:30:00','2021-07-30 14:30:00','2021-07-30 15:30:00','request-placed'
682,1,490,'2021-06-15 15:00:00','2021-07-30 15:00:00','2021-07-30 16:00:00','request-placed'
683,13,934,'2021-06-15 15:30:00','2021-07-30 15:30:00','2021-07-30 16:30:00','request-placed'
684,17,966,'2021-06-15 16:00:00','2021-07-30 16:00:00','2021-07-30 17:00:00','request-placed'
685,5,42,'2021-06-15 16:30:00','2021-07-30 16:30:00','2021-07-30 17:30:00','request-placed'
686,23,115,'2021-06-15 17:00:00','2021-07-30 17:00:00','2021-07-30 18:00:00','request-placed'
687,23,254,'2021-06-15 17:30:00','2021-07-30 17:30:00','2021-07-30 18:30:00','request-placed'
688,4,592,'2021-06-15 18:00:00','2021-07-30 18:00:00','2021-07-30 19:00:00','request-placed'
689,20,861,'2021-06-15 18:30:00','2021-07-30 18:30:00','2021-07-30 19:30:00','request-placed'
690,13,611,'2021-06-15 19:00:00','2021-07-30 19:00:00','2021-07-30 20:00:00','request-placed'
691,8,611,'2021-06-15 19:30:00','2021-07-30 19:30:00','2021-07-30 20:30:00','request-placed'
692,21,649,'2021-06-15 20:00:00','2021-07-30 20:00:00','2021-07-30 21:00:00','request-placed'
693,14,494,'2021-06-15 20:30:00','2021-07-30 20:30:00','2021-07-30 21:30:00','request-placed'
694,1,988,'2021-06-15 21:00:00','2021-07-30 21:00:00','2021-07-30 22:00:00','request-placed'
695,0,590,'2021-06-15 21:30:00','2021-07-30 21:30:00','2021-07-30 22:30:00','request-placed'
696,23,559,'2021-06-15 22:00:00','2021-07-30 22:00:00','2021-07-30 23:00:00','request-placed'
697,14,366,'2021-06-15 22:30:00','2021-07-30 22:30:00','2021-07-30 23:30:00','request-placed'
698,11,853,'2021-06-15 23:00:00','2021-07-30 23:00:00','2021-07-31 00:00:00','request-placed'
699,17,445,'2021-06-15 23:30:00','2021-07-30 23:30:00','2021-07-31 00:30:00','request-placed'
700,11,84,'2021-06-16 00:00:00','2021-07-31 00:00:00','2021-07-31 01:00:00','request-placed'
701,16,260,'2021-06-16 00:30:00','2021-07-31 00:30:00','2021-07-31 01:30:00','request-placed'
702,4,51,'2021-06-16 01:00:00','2021-07-31 01:00:00','2021-07-31 02:00:00','request-placed'
703,18,134,'2021-06-16 01:30:00','2021-07-31 01:30:00','2021-07-31 02:30:00','request-placed'
704,23,864,'2021-06-16 02:00:00','2021-07-31 02:00:00','2021-07-31 03:00:00','request-placed'
705,18,614,'2021-06-16 02:30:00','2021-07-31 02:30:00','2021-07-31 03:30:00','request-placed'
706,9,491,'2021-06-16 03:00:00','2021-07-31 03:00:00','2021-07-31 04:00:00','request-placed'
707,20,127,'2021-06-16 03:30:00','2021-07-31 03:30:00','2021-07-31 04:30:00','request-placed'
708,23,111,'2021-06-16 04:00:00','2021-07-31 04:00:00','2021-07-31 05:00:00','request-placed'
709,8,477,'2021-06-16 04:30:00','2021-07-31 04:30:00','2021-07-31 05:30:00','request-placed'
710,16,172,'2021-06-16 05:00:00','2021-07-31 05:00:00','2021-07-31 06:00:00','request-placed'
711,15,247,'2021-06-16 05:30:00','2021-07-31 05:30:00','2021-07-31 06:30:00','request-placed'
712,22,18,'2021-06-16 06:00:00','2021-07-31 06:00:00','2021-07-31 07:00:00','request-placed'
713,24,231,'2021-06-16 06:30:00','2021-07-31 06:30:00','2021-07-31 07:30:00','request-placed'
714,12,498,'2021-06-16 07:00:00','2021-07-31 07:00:00','2021-07-31 08:00:00','request-placed'
715,14,84,'2021-06-16 07:30:00','2021-07-31 07:30:00','2021-07-31 08:30:00','request-placed'
716,11,907,'2021-06-16 08:00:00','2021-07-31 08:00:00','2021-07-31 09:00:00','request-placed'
717,16,757,'2021-06-16 08:30:00','2021-07-31 08:30:00','2021-07-31 09:30:00','request-placed'
718,3,725,'2021-06-16 09:00:00','2021-07-31 09:00:00','2021-07-31 10:00:00','request-placed'
719,7,611,'2021-06-16 09:30:00','2021-07-31 09:30:00','2021-07-31 10:30:00','request-placed'
720,11,701,'2021-06-16 10:00:00','2021-07-31 10:00:00','2021-07-31 11:00:00','request-placed'
721,5,666,'2021-06-16 10:30:00','2021-07-31 10:30:00','2021-07-31 11:30:00','request-placed'
722,3,50,'2021-06-16 11:00:00','2021-07-31 11:00:00','2021-07-31 12:00:00','request-placed'
723,9,790,'2021-06-16 11:30:00','2021-07-31 11:30:00','2021-07-31 12:30:00','request-placed'
724,2,62,'2021-06-16 12:00:00','2021-07-31 12:00:00','2021-07-31 13:00:00','request-placed'
725,24,77,'2021-06-16 12:30:00','2021-07-31 12:30:00','2021-07-31 13:30:00','request-placed'
726,16,338,'2021-06-16 13:00:00','2021-07-31 13:00:00','2021-07-31 14:00:00','request-placed'
727,4,298,'2021-06-16 13:30:00','2021-07-31 13:30:00','2021-07-31 14:30:00','request-placed'
728,11,879,'2021-06-16 14:00:00','2021-07-31 14:00:00','2021-07-31 15:00:00','request-placed'
729,18,326,'2021-06-16 14:30:00','2021-07-31 14:30:00','2021-07-31 15:30:00','request-placed'
730,21,913,'2021-06-16 15:00:00','2021-07-31 15:00:00','2021-07-31 16:00:00','request-placed'
731,22,869,'2021-06-16 15:30:00','2021-07-31 15:30:00','2021-07-31 16:30:00','request-placed'
732,24,359,'2021-06-16 16:00:00','2021-07-31 16:00:00','2021-07-31 17:00:00','request-placed'
733,24,907,'2021-06-16 16:30:00','2021-07-31 16:30:00','2021-07-31 17:30:00','request-placed'
734,15,454,'2021-06-16 17:00:00','2021-07-31 17:00:00','2021-07-31 18:00:00','request-placed'
735,5,69,'2021-06-16 17:30:00','2021-07-31 17:30:00','2021-07-31 18:30:00','request-placed'
736,18,80,'2021-06-16 18:00:00','2021-07-31 18:00:00','2021-07-31 19:00:00','request-placed'
737,6,354,'2021-06-16 18:30:00','2021-07-31 18:30:00','2021-07-31 19:30:00','request-placed'
738,9,58,'2021-06-16 19:00:00','2021-07-31 19:00:00','2021-07-31 20:00:00','request-placed'
739,12,843,'2021-06-16 19:30:00','2021-07-31 19:30:00','2021-07-31 20:30:00','request-placed'
740,13,105,'2021-06-16 20:00:00','2021-07-31 20:00:00','2021-07-31 21:00:00','request-placed'
741,24,852,'2021-06-16 20:30:00','2021-07-31 20:30:00','2021-07-31 21:30:00','request-placed'
742,23,951,'2021-06-16 21:00:00','2021-07-31 21:00:00','2021-07-31 22:00:00','request-placed'
743,10,729,'2021-06-16 21:30:00','2021-07-31 21:30:00','2021-07-31 22:30:00','request-placed'
744,24,336,'2021-06-16 22:00:00','2021-07-31 22:00:00','2021-07-31 23:00:00','request-placed'
745,15,263,'2021-06-16 22:30:00','2021-07-31 22:30:00','2021-07-31 23:30:00','request-placed'
746,15,860,'2021-06-16 23:00:00','2021-07-31 23:00:00','2021-08-01 00:00:00','request-placed'
747,8,859,'2021-06-16 23:30:00','2021-07-31 23:30:00','2021-08-01 00:30:00','request-placed'
748,2,776,'2021-06-17 00:00:00','2021-08-01 00:00:00','2021-08-01 01:00:00','request-placed'
749,18,996,'2021-06-17 00:30:00','2021-08-01 00:30:00','2021-08-01 01:30:00','request-placed'
750,6,879,'2021-06-17 01:00:00','2021-08-01 01:00:00','2021-08-01 02:00:00','request-placed'
751,2,882,'2021-06-17 01:30:00','2021-08-01 01:30:00','2021-08-01 02:30:00','request-placed'
752,0,688,'2021-06-17 02:00:00','2021-08-01 02:00:00','2021-08-01 03:00:00','request-placed'
753,15,266,'2021-06-17 02:30:00','2021-08-01 02:30:00','2021-08-01 03:30:00','request-placed'
754,17,4,'2021-06-17 03:00:00','2021-08-01 03:00:00','2021-08-01 04:00:00','request-placed'
755,5,873,'2021-06-17 03:30:00','2021-08-01 03:30:00','2021-08-01 04:30:00','request-placed'
756,18,172,'2021-06-17 04:00:00','2021-08-01 04:00:00','2021-08-01 05:00:00','request-placed'
757,19,958,'2021-06-17 04:30:00','2021-08-01 04:30:00','2021-08-01 05:30:00','request-placed'
758,0,10,'2021-06-17 05:00:00','2021-08-01 05:00:00','2021-08-01 06:00:00','request-placed'
759,10,638,'2021-06-17 05:30:00','2021-08-01 05:30:00','2021-08-01 06:30:00','request-placed'
760,15,577,'2021-06-17 06:00:00','2021-08-01 06:00:00','2021-08-01 07:00:00','request-placed'
761,16,41,'2021-06-17 06:30:00','2021-08-01 06:30:00','2021-08-01 07:30:00','request-placed'
762,23,632,'2021-06-17 07:00:00','2021-08-01 07:00:00','2021-08-01 08:00:00','request-placed'
763,14,633,'2021-06-17 07:30:00','2021-08-01 07:30:00','2021-08-01 08:30:00','request-placed'
764,16,817,'2021-06-17 08:00:00','2021-08-01 08:00:00','2021-08-01 09:00:00','request-placed'
765,12,851,'2021-06-17 08:30:00','2021-08-01 08:30:00','2021-08-01 09:30:00','request-placed'
766,18,679,'2021-06-17 09:00:00','2021-08-01 09:00:00','2021-08-01 10:00:00','request-placed'
767,5,8,'2021-06-17 09:30:00','2021-08-01 09:30:00','2021-08-01 10:30:00','request-placed'
768,0,798,'2021-06-17 10:00:00','2021-08-01 10:00:00','2021-08-01 11:00:00','request-placed'
769,15,343,'2021-06-17 10:30:00','2021-08-01 10:30:00','2021-08-01 11:30:00','request-placed'
770,5,479,'2021-06-17 11:00:00','2021-08-01 11:00:00','2021-08-01 12:00:00','request-placed'
771,6,32,'2021-06-17 11:30:00','2021-08-01 11:30:00','2021-08-01 12:30:00','request-placed'
772,11,656,'2021-06-17 12:00:00','2021-08-01 12:00:00','2021-08-01 13:00:00','request-placed'
773,4,336,'2021-06-17 12:30:00','2021-08-01 12:30:00','2021-08-01 13:30:00','request-placed'
774,9,158,'2021-06-17 13:00:00','2021-08-01 13:00:00','2021-08-01 14:00:00','request-placed'
775,9,942,'2021-06-17 13:30:00','2021-08-01 13:30:00','2021-08-01 14:30:00','request-placed'
776,8,535,'2021-06-17 14:00:00','2021-08-01 14:00:00','2021-08-01 15:00:00','request-placed'
777,15,640,'2021-06-17 14:30:00','2021-08-01 14:30:00','2021-08-01 15:30:00','request-placed'
778,23,429,'2021-06-17 15:00:00','2021-08-01 15:00:00','2021-08-01 16:00:00','request-placed'
779,1,168,'2021-06-17 15:30:00','2021-08-01 15:30:00','2021-08-01 16:30:00','request-placed'
780,8,778,'2021-06-17 16:00:00','2021-08-01 16:00:00','2021-08-01 17:00:00','request-placed'
781,17,124,'2021-06-17 16:30:00','2021-08-01 16:30:00','2021-08-01 17:30:00','request-placed'
782,16,760,'2021-06-17 17:00:00','2021-08-01 17:00:00','2021-08-01 18:00:00','request-placed'
783,23,644,'2021-06-17 17:30:00','2021-08-01 17:30:00','2021-08-01 18:30:00','request-placed'
784,19,90,'2021-06-17 18:00:00','2021-08-01 18:00:00','2021-08-01 19:00:00','request-placed'
785,23,615,'2021-06-17 18:30:00','2021-08-01 18:30:00','2021-08-01 19:30:00','request-placed'
786,10,953,'2021-06-17 19:00:00','2021-08-01 19:00:00','2021-08-01 20:00:00','request-placed'
787,3,279,'2021-06-17 19:30:00','2021-08-01 19:30:00','2021-08-01 20:30:00','request-placed'
788,5,881,'2021-06-17 20:00:00','2021-08-01 20:00:00','2021-08-01 21:00:00','request-placed'
789,12,161,'2021-06-17 20:30:00','2021-08-01 20:30:00','2021-08-01 21:30:00','request-placed'
790,0,74,'2021-06-17 21:00:00','2021-08-01 21:00:00','2021-08-01 22:00:00','request-placed'
791,0,647,'2021-06-17 21:30:00','2021-08-01 21:30:00','2021-08-01 22:30:00','request-placed'
792,14,915,'2021-06-17 22:00:00','2021-08-01 22:00:00','2021-08-01 23:00:00','request-placed'
793,13,243,'2021-06-17 22:30:00','2021-08-01 22:30:00','2021-08-01 23:30:00','request-placed'
794,22,625,'2021-06-17 23:00:00','2021-08-01 23:00:00','2021-08-02 00:00:00','request-placed'
795,18,867,'2021-06-17 23:30:00','2021-08-01 23:30:00','2021-08-02 00:30:00','request-placed'
796,19,251,'2021-06-18 00:00:00','2021-08-02 00:00:00','2021-08-02 01:00:00','request-placed'
797,5,44,'2021-06-18 00:30:00','2021-08-02 00:30:00','2021-08-02 01:30:00','request-placed'
798,8,932,'2021-06-18 01:00:00','2021-08-02 01:00:00','2021-08-02 02:00:00','request-placed'
799,10,694,'2021-06-18 01:30:00','2021-08-02 01:30:00','2021-08-02 02:30:00','request-placed'
800,12,433,'2021-06-18 02:00:00','2021-08-02 02:00:00','2021-08-02 03:00:00','request-placed'
801,7,358,'2021-06-18 02:30:00','2021-08-02 02:30:00','2021-08-02 03:30:00','request-placed'
802,19,91,'2021-06-18 03:00:00','2021-08-02 03:00:00','2021-08-02 04:00:00','request-placed'
803,3,845,'2021-06-18 03:30:00','2021-08-02 03:30:00','2021-08-02 04:30:00','request-placed'
804,22,236,'2021-06-18 04:00:00','2021-08-02 04:00:00','2021-08-02 05:00:00','request-placed'
805,15,525,'2021-06-18 04:30:00','2021-08-02 04:30:00','2021-08-02 05:30:00','request-placed'
806,6,2,'2021-06-18 05:00:00','2021-08-02 05:00:00','2021-08-02 06:00:00','request-placed'
807,2,607,'2021-06-18 05:30:00','2021-08-02 05:30:00','2021-08-02 06:30:00','request-placed'
808,14,259,'2021-06-18 06:00:00','2021-08-02 06:00:00','2021-08-02 07:00:00','request-placed'
809,22,200,'2021-06-18 06:30:00','2021-08-02 06:30:00','2021-08-02 07:30:00','request-placed'
810,0,592,'2021-06-18 07:00:00','2021-08-02 07:00:00','2021-08-02 08:00:00','request-placed'
811,19,948,'2021-06-18 07:30:00','2021-08-02 07:30:00','2021-08-02 08:30:00','request-placed'
812,23,583,'2021-06-18 08:00:00','2021-08-02 08:00:00','2021-08-02 09:00:00','request-placed'
813,16,775,'2021-06-18 08:30:00','2021-08-02 08:30:00','2021-08-02 09:30:00','request-placed'
814,21,624,'2021-06-18 09:00:00','2021-08-02 09:00:00','2021-08-02 10:00:00','request-placed'
815,21,271,'2021-06-18 09:30:00','2021-08-02 09:30:00','2021-08-02 10:30:00','request-placed'
816,17,219,'2021-06-18 10:00:00','2021-08-02 10:00:00','2021-08-02 11:00:00','request-placed'
817,1,826,'2021-06-18 10:30:00','2021-08-02 10:30:00','2021-08-02 11:30:00','request-placed'
818,19,923,'2021-06-18 11:00:00','2021-08-02 11:00:00','2021-08-02 12:00:00','request-placed'
819,14,594,'2021-06-18 11:30:00','2021-08-02 11:30:00','2021-08-02 12:30:00','request-placed'
820,13,760,'2021-06-18 12:00:00','2021-08-02 12:00:00','2021-08-02 13:00:00','request-placed'
821,1,918,'2021-06-18 12:30:00','2021-08-02 12:30:00','2021-08-02 13:30:00','request-placed'
822,20,767,'2021-06-18 13:00:00','2021-08-02 13:00:00','2021-08-02 14:00:00','request-placed'
823,22,878,'2021-06-18 13:30:00','2021-08-02 13:30:00','2021-08-02 14:30:00','request-placed'
824,11,868,'2021-06-18 14:00:00','2021-08-02 14:00:00','2021-08-02 15:00:00','request-placed'
825,8,220,'2021-06-18 14:30:00','2021-08-02 14:30:00','2021-08-02 15:30:00','request-placed'
826,7,237,'2021-06-18 15:00:00','2021-08-02 15:00:00','2021-08-02 16:00:00','request-placed'
827,3,380,'2021-06-18 15:30:00','2021-08-02 15:30:00','2021-08-02 16:30:00','request-placed'
828,11,839,'2021-06-18 16:00:00','2021-08-02 16:00:00','2021-08-02 17:00:00','request-placed'
829,10,677,'2021-06-18 16:30:00','2021-08-02 16:30:00','2021-08-02 17:30:00','request-placed'
830,16,126,'2021-06-18 17:00:00','2021-08-02 17:00:00','2021-08-02 18:00:00','request-placed'
831,1,56,'2021-06-18 17:30:00','2021-08-02 17:30:00','2021-08-02 18:30:00','request-placed'
832,9,885,'2021-06-18 18:00:00','2021-08-02 18:00:00','2021-08-02 19:00:00','request-placed'
833,8,65,'2021-06-18 18:30:00','2021-08-02 18:30:00','2021-08-02 19:30:00','request-placed'
834,9,980,'2021-06-18 19:00:00','2021-08-02 19:00:00','2021-08-02 20:00:00','request-placed'
835,11,389,'2021-06-18 19:30:00','2021-08-02 19:30:00','2021-08-02 20:30:00','request-placed'
836,11,313,'2021-06-18 20:00:00','2021-08-02 20:00:00','2021-08-02 21:00:00','request-placed'
837,22,705,'2021-06-18 20:30:00','2021-08-02 20:30:00','2021-08-02 21:30:00','request-placed'
838,17,265,'2021-06-18 21:00:00','2021-08-02 21:00:00','2021-08-02 22:00:00','request-placed'
839,24,70,'2021-06-18 21:30:00','2021-08-02 21:30:00','2021-08-02 22:30:00','request-placed'
840,13,131,'2021-06-18 22:00:00','2021-08-02 22:00:00','2021-08-02 23:00:00','request-placed'
841,5,316,'2021-06-18 22:30:00','2021-08-02 22:30:00','2021-08-02 23:30:00','request-placed'
842,2,232,'2021-06-18 23:00:00','2021-08-02 23:00:00','2021-08-03 00:00:00','request-placed'
843,8,319,'2021-06-18 23:30:00','2021-08-02 23:30:00','2021-08-03 00:30:00','request-placed'
844,23,32,'2021-06-19 00:00:00','2021-08-03 00:00:00','2021-08-03 01:00:00','request-placed'
845,4,654,'2021-06-19 00:30:00','2021-08-03 00:30:00','2021-08-03 01:30:00','request-placed'
846,9,972,'2021-06-19 01:00:00','2021-08-03 01:00:00','2021-08-03 02:00:00','request-placed'
847,19,454,'2021-06-19 01:30:00','2021-08-03 01:30:00','2021-08-03 02:30:00','request-placed'
848,6,630,'2021-06-19 02:00:00','2021-08-03 02:00:00','2021-08-03 03:00:00','request-placed'
849,13,781,'2021-06-19 02:30:00','2021-08-03 02:30:00','2021-08-03 03:30:00','request-placed'
850,22,741,'2021-06-19 03:00:00','2021-08-03 03:00:00','2021-08-03 04:00:00','request-placed'
851,5,113,'2021-06-19 03:30:00','2021-08-03 03:30:00','2021-08-03 04:30:00','request-placed'
852,21,712,'2021-06-19 04:00:00','2021-08-03 04:00:00','2021-08-03 05:00:00','request-placed'
853,17,335,'2021-06-19 04:30:00','2021-08-03 04:30:00','2021-08-03 05:30:00','request-placed'
854,7,939,'2021-06-19 05:00:00','2021-08-03 05:00:00','2021-08-03 06:00:00','request-placed'
855,0,628,'2021-06-19 05:30:00','2021-08-03 05:30:00','2021-08-03 06:30:00','request-placed'
856,17,560,'2021-06-19 06:00:00','2021-08-03 06:00:00','2021-08-03 07:00:00','request-placed'
857,16,666,'2021-06-19 06:30:00','2021-08-03 06:30:00','2021-08-03 07:30:00','request-placed'
858,7,435,'2021-06-19 07:00:00','2021-08-03 07:00:00','2021-08-03 08:00:00','request-placed'
859,15,156,'2021-06-19 07:30:00','2021-08-03 07:30:00','2021-08-03 08:30:00','request-placed'
860,18,234,'2021-06-19 08:00:00','2021-08-03 08:00:00','2021-08-03 09:00:00','request-placed'
861,3,216,'2021-06-19 08:30:00','2021-08-03 08:30:00','2021-08-03 09:30:00','request-placed'
862,17,953,'2021-06-19 09:00:00','2021-08-03 09:00:00','2021-08-03 10:00:00','request-placed'
863,9,487,'2021-06-19 09:30:00','2021-08-03 09:30:00','2021-08-03 10:30:00','request-placed'
864,0,995,'2021-06-19 10:00:00','2021-08-03 10:00:00','2021-08-03 11:00:00','request-placed'
865,8,951,'2021-06-19 10:30:00','2021-08-03 10:30:00','2021-08-03 11:30:00','request-placed'
866,13,546,'2021-06-19 11:00:00','2021-08-03 11:00:00','2021-08-03 12:00:00','request-placed'
867,8,451,'2021-06-19 11:30:00','2021-08-03 11:30:00','2021-08-03 12:30:00','request-placed'
868,4,336,'2021-06-19 12:00:00','2021-08-03 12:00:00','2021-08-03 13:00:00','request-placed'
869,1,665,'2021-06-19 12:30:00','2021-08-03 12:30:00','2021-08-03 13:30:00','request-placed'
870,3,453,'2021-06-19 13:00:00','2021-08-03 13:00:00','2021-08-03 14:00:00','request-placed'
871,13,218,'2021-06-19 13:30:00','2021-08-03 13:30:00','2021-08-03 14:30:00','request-placed'
872,7,241,'2021-06-19 14:00:00','2021-08-03 14:00:00','2021-08-03 15:00:00','request-placed'
873,0,353,'2021-06-19 14:30:00','2021-08-03 14:30:00','2021-08-03 15:30:00','request-placed'
874,16,304,'2021-06-19 15:00:00','2021-08-03 15:00:00','2021-08-03 16:00:00','request-placed'
875,16,639,'2021-06-19 15:30:00','2021-08-03 15:30:00','2021-08-03 16:30:00','request-placed'
876,4,847,'2021-06-19 16:00:00','2021-08-03 16:00:00','2021-08-03 17:00:00','request-placed'
877,6,2,'2021-06-19 16:30:00','2021-08-03 16:30:00','2021-08-03 17:30:00','request-placed'
878,23,387,'2021-06-19 17:00:00','2021-08-03 17:00:00','2021-08-03 18:00:00','request-placed'
879,7,29,'2021-06-19 17:30:00','2021-08-03 17:30:00','2021-08-03 18:30:00','request-placed'
880,11,800,'2021-06-19 18:00:00','2021-08-03 18:00:00','2021-08-03 19:00:00','request-placed'
881,6,755,'2021-06-19 18:30:00','2021-08-03 18:30:00','2021-08-03 19:30:00','request-placed'
882,5,923,'2021-06-19 19:00:00','2021-08-03 19:00:00','2021-08-03 20:00:00','request-placed'
883,0,606,'2021-06-19 19:30:00','2021-08-03 19:30:00','2021-08-03 20:30:00','request-placed'
884,11,651,'2021-06-19 20:00:00','2021-08-03 20:00:00','2021-08-03 21:00:00','request-placed'
885,18,234,'2021-06-19 20:30:00','2021-08-03 20:30:00','2021-08-03 21:30:00','request-placed'
886,0,108,'2021-06-19 21:00:00','2021-08-03 21:00:00','2021-08-03 22:00:00','request-placed'
887,1,337,'2021-06-19 21:30:00','2021-08-03 21:30:00','2021-08-03 22:30:00','request-placed'
888,3,746,'2021-06-19 22:00:00','2021-08-03 22:00:00','2021-08-03 23:00:00','request-placed'
889,9,981,'2021-06-19 22:30:00','2021-08-03 22:30:00','2021-08-03 23:30:00','request-placed'
890,24,427,'2021-06-19 23:00:00','2021-08-03 23:00:00','2021-08-04 00:00:00','request-placed'
891,8,952,'2021-06-19 23:30:00','2021-08-03 23:30:00','2021-08-04 00:30:00','request-placed'
892,23,403,'2021-06-20 00:00:00','2021-08-04 00:00:00','2021-08-04 01:00:00','request-placed'
893,22,904,'2021-06-20 00:30:00','2021-08-04 00:30:00','2021-08-04 01:30:00','request-placed'
894,22,408,'2021-06-20 01:00:00','2021-08-04 01:00:00','2021-08-04 02:00:00','request-placed'
895,22,388,'2021-06-20 01:30:00','2021-08-04 01:30:00','2021-08-04 02:30:00','request-placed'
896,10,729,'2021-06-20 02:00:00','2021-08-04 02:00:00','2021-08-04 03:00:00','request-placed'
897,23,901,'2021-06-20 02:30:00','2021-08-04 02:30:00','2021-08-04 03:30:00','request-placed'
898,24,73,'2021-06-20 03:00:00','2021-08-04 03:00:00','2021-08-04 04:00:00','request-placed'
899,5,370,'2021-06-20 03:30:00','2021-08-04 03:30:00','2021-08-04 04:30:00','request-placed'
900,13,22,'2021-06-20 04:00:00','2021-08-04 04:00:00','2021-08-04 05:00:00','request-placed'
901,3,560,'2021-06-20 04:30:00','2021-08-04 04:30:00','2021-08-04 05:30:00','request-placed'
902,12,330,'2021-06-20 05:00:00','2021-08-04 05:00:00','2021-08-04 06:00:00','request-placed'
903,17,29,'2021-06-20 05:30:00','2021-08-04 05:30:00','2021-08-04 06:30:00','request-placed'
904,23,690,'2021-06-20 06:00:00','2021-08-04 06:00:00','2021-08-04 07:00:00','request-placed'
905,16,64,'2021-06-20 06:30:00','2021-08-04 06:30:00','2021-08-04 07:30:00','request-placed'
906,4,485,'2021-06-20 07:00:00','2021-08-04 07:00:00','2021-08-04 08:00:00','request-placed'
907,0,770,'2021-06-20 07:30:00','2021-08-04 07:30:00','2021-08-04 08:30:00','request-placed'
908,5,994,'2021-06-20 08:00:00','2021-08-04 08:00:00','2021-08-04 09:00:00','request-placed'
909,0,72,'2021-06-20 08:30:00','2021-08-04 08:30:00','2021-08-04 09:30:00','request-placed'
910,1,266,'2021-06-20 09:00:00','2021-08-04 09:00:00','2021-08-04 10:00:00','request-placed'
911,12,490,'2021-06-20 09:30:00','2021-08-04 09:30:00','2021-08-04 10:30:00','request-placed'
912,17,757,'2021-06-20 10:00:00','2021-08-04 10:00:00','2021-08-04 11:00:00','request-placed'
913,20,928,'2021-06-20 10:30:00','2021-08-04 10:30:00','2021-08-04 11:30:00','request-placed'
914,5,759,'2021-06-20 11:00:00','2021-08-04 11:00:00','2021-08-04 12:00:00','request-placed'
915,14,344,'2021-06-20 11:30:00','2021-08-04 11:30:00','2021-08-04 12:30:00','request-placed'
916,19,519,'2021-06-20 12:00:00','2021-08-04 12:00:00','2021-08-04 13:00:00','request-placed'
917,2,441,'2021-06-20 12:30:00','2021-08-04 12:30:00','2021-08-04 13:30:00','request-placed'
918,1,809,'2021-06-20 13:00:00','2021-08-04 13:00:00','2021-08-04 14:00:00','request-placed'
919,22,126,'2021-06-20 13:30:00','2021-08-04 13:30:00','2021-08-04 14:30:00','request-placed'
920,7,23,'2021-06-20 14:00:00','2021-08-04 14:00:00','2021-08-04 15:00:00','request-placed'
921,23,108,'2021-06-20 14:30:00','2021-08-04 14:30:00','2021-08-04 15:30:00','request-placed'
922,0,422,'2021-06-20 15:00:00','2021-08-04 15:00:00','2021-08-04 16:00:00','request-placed'
923,20,720,'2021-06-20 15:30:00','2021-08-04 15:30:00','2021-08-04 16:30:00','request-placed'
924,5,901,'2021-06-20 16:00:00','2021-08-04 16:00:00','2021-08-04 17:00:00','request-placed'
925,12,829,'2021-06-20 16:30:00','2021-08-04 16:30:00','2021-08-04 17:30:00','request-placed'
926,10,181,'2021-06-20 17:00:00','2021-08-04 17:00:00','2021-08-04 18:00:00','request-placed'
927,1,632,'2021-06-20 17:30:00','2021-08-04 17:30:00','2021-08-04 18:30:00','request-placed'
928,4,920,'2021-06-20 18:00:00','2021-08-04 18:00:00','2021-08-04 19:00:00','request-placed'
929,9,71,'2021-06-20 18:30:00','2021-08-04 18:30:00','2021-08-04 19:30:00','request-placed'
930,12,525,'2021-06-20 19:00:00','2021-08-04 19:00:00','2021-08-04 20:00:00','request-placed'
931,6,887,'2021-06-20 19:30:00','2021-08-04 19:30:00','2021-08-04 20:30:00','request-placed'
932,23,599,'2021-06-20 20:00:00','2021-08-04 20:00:00','2021-08-04 21:00:00','request-placed'
933,21,734,'2021-06-20 20:30:00','2021-08-04 20:30:00','2021-08-04 21:30:00','request-placed'
934,1,223,'2021-06-20 21:00:00','2021-08-04 21:00:00','2021-08-04 22:00:00','request-placed'
935,24,594,'2021-06-20 21:30:00','2021-08-04 21:30:00','2021-08-04 22:30:00','request-placed'
936,23,675,'2021-06-20 22:00:00','2021-08-04 22:00:00','2021-08-04 23:00:00','request-placed'
937,12,707,'2021-06-20 22:30:00','2021-08-04 22:30:00','2021-08-04 23:30:00','request-placed'
938,6,348,'2021-06-20 23:00:00','2021-08-04 23:00:00','2021-08-05 00:00:00','request-placed'
939,10,446,'2021-06-20 23:30:00','2021-08-04 23:30:00','2021-08-05 00:30:00','request-placed'
940,11,206,'2021-06-21 00:00:00','2021-08-05 00:00:00','2021-08-05 01:00:00','request-placed'
941,16,287,'2021-06-21 00:30:00','2021-08-05 00:30:00','2021-08-05 01:30:00','request-placed'
942,22,100,'2021-06-21 01:00:00','2021-08-05 01:00:00','2021-08-05 02:00:00','request-placed'
943,17,136,'2021-06-21 01:30:00','2021-08-05 01:30:00','2021-08-05 02:30:00','request-placed'
944,10,837,'2021-06-21 02:00:00','2021-08-05 02:00:00','2021-08-05 03:00:00','request-placed'
945,19,467,'2021-06-21 02:30:00','2021-08-05 02:30:00','2021-08-05 03:30:00','request-placed'
946,6,697,'2021-06-21 03:00:00','2021-08-05 03:00:00','2021-08-05 04:00:00','request-placed'
947,12,43,'2021-06-21 03:30:00','2021-08-05 03:30:00','2021-08-05 04:30:00','request-placed'
948,18,125,'2021-06-21 04:00:00','2021-08-05 04:00:00','2021-08-05 05:00:00','request-placed'
949,20,563,'2021-06-21 04:30:00','2021-08-05 04:30:00','2021-08-05 05:30:00','request-placed'
950,5,47,'2021-06-21 05:00:00','2021-08-05 05:00:00','2021-08-05 06:00:00','request-placed'
951,21,944,'2021-06-21 05:30:00','2021-08-05 05:30:00','2021-08-05 06:30:00','request-placed'
952,0,431,'2021-06-21 06:00:00','2021-08-05 06:00:00','2021-08-05 07:00:00','request-placed'
953,7,308,'2021-06-21 06:30:00','2021-08-05 06:30:00','2021-08-05 07:30:00','request-placed'
954,24,886,'2021-06-21 07:00:00','2021-08-05 07:00:00','2021-08-05 08:00:00','request-placed'
955,16,336,'2021-06-21 07:30:00','2021-08-05 07:30:00','2021-08-05 08:30:00','request-placed'
956,19,834,'2021-06-21 08:00:00','2021-08-05 08:00:00','2021-08-05 09:00:00','request-placed'
957,11,78,'2021-06-21 08:30:00','2021-08-05 08:30:00','2021-08-05 09:30:00','request-placed'
958,24,91,'2021-06-21 09:00:00','2021-08-05 09:00:00','2021-08-05 10:00:00','request-placed'
959,23,307,'2021-06-21 09:30:00','2021-08-05 09:30:00','2021-08-05 10:30:00','request-placed'
960,13,94,'2021-06-21 10:00:00','2021-08-05 10:00:00','2021-08-05 11:00:00','request-placed'
961,17,944,'2021-06-21 10:30:00','2021-08-05 10:30:00','2021-08-05 11:30:00','request-placed'
962,2,439,'2021-06-21 11:00:00','2021-08-05 11:00:00','2021-08-05 12:00:00','request-placed'
963,12,473,'2021-06-21 11:30:00','2021-08-05 11:30:00','2021-08-05 12:30:00','request-placed'
964,8,333,'2021-06-21 12:00:00','2021-08-05 12:00:00','2021-08-05 13:00:00','request-placed'
965,23,808,'2021-06-21 12:30:00','2021-08-05 12:30:00','2021-08-05 13:30:00','request-placed'
966,1,69,'2021-06-21 13:00:00','2021-08-05 13:00:00','2021-08-05 14:00:00','request-placed'
967,1,959,'2021-06-21 13:30:00','2021-08-05 13:30:00','2021-08-05 14:30:00','request-placed'
968,20,750,'2021-06-21 14:00:00','2021-08-05 14:00:00','2021-08-05 15:00:00','request-placed'
969,7,916,'2021-06-21 14:30:00','2021-08-05 14:30:00','2021-08-05 15:30:00','request-placed'
970,4,643,'2021-06-21 15:00:00','2021-08-05 15:00:00','2021-08-05 16:00:00','request-placed'
971,0,433,'2021-06-21 15:30:00','2021-08-05 15:30:00','2021-08-05 16:30:00','request-placed'
972,6,720,'2021-06-21 16:00:00','2021-08-05 16:00:00','2021-08-05 17:00:00','request-placed'
973,15,86,'2021-06-21 16:30:00','2021-08-05 16:30:00','2021-08-05 17:30:00','request-placed'
974,14,19,'2021-06-21 17:00:00','2021-08-05 17:00:00','2021-08-05 18:00:00','request-placed'
975,8,327,'2021-06-21 17:30:00','2021-08-05 17:30:00','2021-08-05 18:30:00','request-placed'
976,3,857,'2021-06-21 18:00:00','2021-08-05 18:00:00','2021-08-05 19:00:00','request-placed'
977,22,820,'2021-06-21 18:30:00','2021-08-05 18:30:00','2021-08-05 19:30:00','request-placed'
978,22,511,'2021-06-21 19:00:00','2021-08-05 19:00:00','2021-08-05 20:00:00','request-placed'
979,4,422,'2021-06-21 19:30:00','2021-08-05 19:30:00','2021-08-05 20:30:00','request-placed'
980,5,156,'2021-06-21 20:00:00','2021-08-05 20:00:00','2021-08-05 21:00:00','request-placed'
981,8,32,'2021-06-21 20:30:00','2021-08-05 20:30:00','2021-08-05 21:30:00','request-placed'
982,23,76,'2021-06-21 21:00:00','2021-08-05 21:00:00','2021-08-05 22:00:00','request-placed'
983,20,758,'2021-06-21 21:30:00','2021-08-05 21:30:00','2021-08-05 22:30:00','request-placed'
984,18,430,'2021-06-21 22:00:00','2021-08-05 22:00:00','2021-08-05 23:00:00','request-placed'
985,3,246,'2021-06-21 22:30:00','2021-08-05 22:30:00','2021-08-05 23:30:00','request-placed'
986,6,436,'2021-06-21 23:00:00','2021-08-05 23:00:00','2021-08-06 00:00:00','request-placed'
987,12,216,'2021-06-21 23:30:00','2021-08-05 23:30:00','2021-08-06 00:30:00','request-placed'
988,0,959,'2021-06-22 00:00:00','2021-08-06 00:00:00','2021-08-06 01:00:00','request-placed'
989,16,608,'2021-06-22 00:30:00','2021-08-06 00:30:00','2021-08-06 01:30:00','request-placed'
990,21,621,'2021-06-22 01:00:00','2021-08-06 01:00:00','2021-08-06 02:00:00','request-placed'
991,23,20,'2021-06-22 01:30:00','2021-08-06 01:30:00','2021-08-06 02:30:00','request-placed'
992,1,699,'2021-06-22 02:00:00','2021-08-06 02:00:00','2021-08-06 03:00:00','request-placed'
993,12,716,'2021-06-22 02:30:00','2021-08-06 02:30:00','2021-08-06 03:30:00','request-placed'
994,1,863,'2021-06-22 03:00:00','2021-08-06 03:00:00','2021-08-06 04:00:00','request-placed'
995,2,33,'2021-06-22 03:30:00','2021-08-06 03:30:00','2021-08-06 04:30:00','request-placed'
996,2,857,'2021-06-22 04:00:00','2021-08-06 04:00:00','2021-08-06 05:00:00','request-placed'
997,6,847,'2021-06-22 04:30:00','2021-08-06 04:30:00','2021-08-06 05:30:00','request-placed'
998,1,59,'2021-06-22 05:00:00','2021-08-06 05:00:00','2021-08-06 06:00:00','request-placed'
999,19,135,'2021-06-22 05:30:00','2021-08-06 05:30:00','2021-08-06 06:30:00','request-placed'
